root,channel,bytes
PHerc0139/segments/20250108000000-w025_2025010863/mesh/20250108000000-on-20260413113053-1.129um.tifxyz,x.tif,33939350
PHerc0139/segments/20250108000001-w026_2025010854/mesh/20250108000001-on-20260413113053-1.129um.tifxyz,x.tif,37329734
PHerc0139/segments/20250108000002-w027_2025010845/mesh/20250108000002-on-20260413113053-1.129um.tifxyz,x.tif,36602570
PHerc0139/segments/20250108000003-w028_2025010836/mesh/20250108000003-on-20260413113053-1.129um.tifxyz,x.tif,36588686
PHerc0139/segments/20250108000004-w029_2025010827/mesh/20250108000004-on-20260413113053-1.129um.tifxyz,x.tif,36692102
PHerc0139/segments/20250108000005-w030_2025010818/mesh/20250108000005-on-20260413113053-1.129um.tifxyz,x.tif,36475046
PHerc0139/segments/20250223000000-w059_2025022312/mesh/20250223000000-on-20260413113053-1.129um.tifxyz,x.tif,49496070
PHerc0139/segments/20250831000000-w040_2025083102/mesh/20250831000000-on-20260413113053-1.129um.tifxyz,x.tif,34948502
PHerc0139/segments/20251226000000-w055_2025122611/mesh/20251226000000-on-20260413113053-1.129um.tifxyz,x.tif,55076794
PHerc0139/segments/20260108000000-w041_2026010816/mesh/20260108000000-on-20260413113053-1.129um.tifxyz,x.tif,33999970
PHerc0139/segments/20260112000000-w043_2026011217/mesh/20260112000000-on-20260413113053-1.129um.tifxyz,x.tif,33973122
PHerc0139/segments/20260115000000-w044_2026011522/mesh/20260115000000-on-20260413113053-1.129um.tifxyz,x.tif,33793646
PHerc0139/segments/20260115000001-w056_2026011514/mesh/20260115000001-on-20260413113053-1.129um.tifxyz,x.tif,47907918
PHerc0139/segments/20260126000000-w045_2026012619/mesh/20260126000000-on-20260413113053-1.129um.tifxyz,x.tif,33792582
PHerc0139/segments/20260127000000-w057_2026012713/mesh/20260127000000-on-20260413113053-1.129um.tifxyz,x.tif,50880694
PHerc0139/segments/20260130000000-w031_2026013019/mesh/20260130000000-on-20260413113053-1.129um.tifxyz,x.tif,36365182
PHerc0139/segments/20260203000000-w032_2026020303/mesh/20260203000000-on-20260413113053-1.129um.tifxyz,x.tif,36969394
PHerc0139/segments/20260206000001-w047_2026020613/mesh/20260206000001-on-20260413113053-1.129um.tifxyz,x.tif,33717830
PHerc0139/segments/20260206000002-w054_2026020617/mesh/20260206000002-on-20260413113053-1.129um.tifxyz,x.tif,58388054
PHerc0139/segments/20260210000000-w058_2026021020/mesh/20260210000000-on-20260413113053-1.129um.tifxyz,x.tif,50752174
PHerc0139/segments/20260219000000-w033_2026021913/mesh/20260219000000-on-20260413113053-1.129um.tifxyz,x.tif,37262894
PHerc0139/segments/20260220000000-w053_2026022021/mesh/20260220000000-on-20260413113053-1.129um.tifxyz,x.tif,52840614
PHerc0139/segments/20260227000000-w052_2026022705/mesh/20260227000000-on-20260413113053-1.129um.tifxyz,x.tif,51446710
PHerc0139/segments/20260302000000-w039_2026030210/mesh/20260302000000-on-20260413113053-1.129um.tifxyz,x.tif,45171930
PHerc0139/segments/20260303000000-w034_2026030317/mesh/20260303000000-on-20260413113053-1.129um.tifxyz,x.tif,37143374
PHerc0139/segments/20260306000001-w051_2026030600/mesh/20260306000001-on-20260413113053-1.129um.tifxyz,x.tif,49770510
PHerc0139/segments/20260318000000-w049_20260318/mesh/20260318000000-on-20260413113053-1.129um.tifxyz,x.tif,36401174
PHerc0139/segments/20260325000000-w046_20260325/mesh/20260325000000-on-20260413113053-1.129um.tifxyz,x.tif,33881718
PHerc0814/segments/20250925161630-auto_grown_20250925161630635/mesh/20250925161630-on-20260521123630-1.129um.tifxyz,x.tif,67141614
PHerc0814/segments/20250925182632-auto_grown_20250925182632715/mesh/20250925182632-on-20260521123630-1.129um.tifxyz,x.tif,70978686
PHerc0814/segments/20250925204843-auto_grown_20250925204843950/mesh/20250925204843-on-20260521123630-1.129um.tifxyz,x.tif,101237894
PHerc0814/segments/20250926051122-auto_grown_20250926051122829/mesh/20250926051122-on-20260309142202-2.399um.tifxyz,x.tif,42338618
PHerc0814/segments/20250926051122-auto_grown_20250926051122829/mesh/20250926051122-on-20260521123630-1.129um.tifxyz,x.tif,191539634
PHerc0814/segments/20250926165636-auto_trace_20250926165636789/mesh/20250926165636-on-20260521123630-1.129um.tifxyz,x.tif,89833822
PHerc0814/segments/20250926203608-auto_grown_20250926203608932/mesh/20250926203608-on-20260521123630-1.129um.tifxyz,x.tif,77397894
PHerc0814/segments/20250928235953-auto_grown_20250928235953722/mesh/20250928235953-on-20260309142202-2.399um.tifxyz,x.tif,40268222
PHerc0814/segments/20250928235953-auto_grown_20250928235953722/mesh/20250928235953-on-20260521123630-1.129um.tifxyz,x.tif,182157998
PHerc0814/segments/20250930083742-auto_grown_20250930083742882/mesh/20250930083742-on-20260521123630-1.129um.tifxyz,x.tif,71187758
PHerc0814/segments/20251001060526-auto_grown_20251001060526760/mesh/20251001060526-on-20260521123630-1.129um.tifxyz,x.tif,79776278
PHerc1667/segments/20240304141531-w013_20240304141531_flatboi/mesh/20240304141531-on-20260323082859-1.129um.tifxyz,x.tif,149504330
PHerc1667/segments/20240304144031-w018_20240304144031_flatboi/mesh/20240304144031-on-20251217075048-2.399um.tifxyz,x.tif,41574914
PHerc1667/segments/20240304144031-w018_20240304144031_flatboi/mesh/20240304144031-on-20260323082859-1.129um.tifxyz,x.tif,187674154
PHerc1667/segments/20240304161941-w023_20240304161941_flatboi/mesh/20240304161941-on-20251217075048-2.399um.tifxyz,x.tif,42848030
PHerc1667/segments/20240304161941-w023_20240304161941_flatboi/mesh/20240304161941-on-20260323082859-1.129um.tifxyz,x.tif,193417046
PHerc1667/segments/20251208130119-w028_20251208130119156_flatboi/mesh/20251208130119-on-20260323082859-1.129um.tifxyz,x.tif,51228938
PHerc1667/segments/20251212185248-w029_20251212185248662_flatboi/mesh/20251212185248-on-20260323082859-1.129um.tifxyz,x.tif,53712994
PHerc1667/segments/20251220020000-w030_2025122002_flatboi/mesh/20251220020000-on-20260323082859-1.129um.tifxyz,x.tif,54111646
PHerc1667/segments/20251223230000-w031_2025122323_flatboi/mesh/20251223230000-on-20260323082859-1.129um.tifxyz,x.tif,54415194
PHerc1667/segments/20260105050000-w032_2026010505_flatboi/mesh/20260105050000-on-20260323082859-1.129um.tifxyz,x.tif,56377774
PHerc1667/segments/20260110010000-w033_2026011001_flatboi/mesh/20260110010000-on-20260323082859-1.129um.tifxyz,x.tif,51446214
PHerc1667/segments/20260115160000-w034_2026011516_flatboi/mesh/20260115160000-on-20260323082859-1.129um.tifxyz,x.tif,52519326
PHerc1667/segments/20260116230000-w035_2026011623_flatboi/mesh/20260116230000-on-20260323082859-1.129um.tifxyz,x.tif,53890358
PHerc1667/segments/20260119120000-w036_2026011912_flatboi/mesh/20260119120000-on-20260323082859-1.129um.tifxyz,x.tif,59686930
PHerc1667/segments/20260123230000-w037_2026012323_flatboi/mesh/20260123230000-on-20260323082859-1.129um.tifxyz,x.tif,49155114
PHerc1667/segments/20260128140000-w038_2026012814_flatboi/mesh/20260128140000-on-20260323082859-1.129um.tifxyz,x.tif,52232902
PHerc1667/segments/20260130150000-w039_2026013015_flatboi/mesh/20260130150000-on-20260323082859-1.129um.tifxyz,x.tif,54197318
PHerc1667/segments/20260203210000-w040_2026020321_flatboi/mesh/20260203210000-on-20260323082859-1.129um.tifxyz,x.tif,49984982
PHerc1667/segments/20260205070000-w041_2026020507_flatboi/mesh/20260205070000-on-20260323082859-1.129um.tifxyz,x.tif,47173702
PHerc1667/segments/20260612121456-w011_20260108140509268_merged_v4_flatboi_straightened_v4/mesh/20260612121456-on-20231107190228-3.24um.tifxyz,x.tif,134042254
PHerc1667/segments/20260612121456-w011_20260108140509268_merged_v4_flatboi_straightened_v4/mesh/20260612121456-on-20251217075048-2.399um.tifxyz,x.tif,248119802
PHercParis4/segments/20260602204401-5753_-7/mesh/20260602204401-on-20260608103018-1.129um.tifxyz,x.tif,41151638
PHercParis4/segments/20260603024952-5753_-2/mesh/20260603024952-on-20260608103018-1.129um.tifxyz,x.tif,55987142
PHercParis4/segments/20260603042357-5753_-3/mesh/20260603042357-on-20260608103018-1.129um.tifxyz,x.tif,54617574
PHercParis4/segments/20260603145540-5753_-4/mesh/20260603145540-on-20260608103018-1.129um.tifxyz,x.tif,52365122
PHercParis4/segments/20260603185441-5753_-6/mesh/20260603185441-on-20260608103018-1.129um.tifxyz,x.tif,49604006
PHercParis4/segments/20260603190005-5753_-5/mesh/20260603190005-on-20260608103018-1.129um.tifxyz,x.tif,47494554
PHercParis4/segments/20260603193311-5753_-1_copy/mesh/20260603193311-on-20260608103018-1.129um.tifxyz,x.tif,61428314
PHercParis4/segments/20260603222816-20231005123336_v2_flatboi/mesh/20260603222816-on-20260608103018-1.129um.tifxyz,x.tif,112947542
PHercParis4/segments/20260604223808-20231210121321_v8/mesh/20260604223808-on-20260608103018-1.129um.tifxyz,x.tif,143835358
PHercParis4/segments/20260623141135-w046-052_jordi/mesh/20260623141135-on-20260411134726-2.4um.tifxyz,x.tif,92582342
PHercParis4/segments/20260623141135-w046-052_jordi/mesh/20260623141135-on-20260608103018-1.129um.tifxyz,x.tif,417668078
PHercParis4/segments/20260623141649-w053-058_jordi/mesh/20260623141649-on-20260411134726-2.4um.tifxyz,x.tif,90916934
PHercParis4/segments/20260623141649-w053-058_jordi/mesh/20260623141649-on-20260608103018-1.129um.tifxyz,x.tif,410151426
PHercParis4/segments/20260623141924-w010-027/mesh/20260623141924-on-20260411134726-2.4um.tifxyz,x.tif,76504070
PHercParis4/segments/20260623141924-w010-027/mesh/20260623141924-on-20260608103018-1.129um.tifxyz,x.tif,345137134
PHercParis4/segments/20260623142658-w028-037/mesh/20260623142658-on-20260411134726-2.4um.tifxyz,x.tif,82035334
PHercParis4/segments/20260623142658-w028-037/mesh/20260623142658-on-20260608103018-1.129um.tifxyz,x.tif,370112646
PHercParis4/segments/20260623143441-w038-045/mesh/20260623143441-on-20260411134726-2.4um.tifxyz,x.tif,88083206
PHercParis4/segments/20260623143441-w038-045/mesh/20260623143441-on-20260608103018-1.129um.tifxyz,x.tif,397400914
PHercParis4/segments/20260623144224-w046-052/mesh/20260623144224-on-20260411134726-2.4um.tifxyz,x.tif,92852614
PHercParis4/segments/20260623144224-w046-052/mesh/20260623144224-on-20260608103018-1.129um.tifxyz,x.tif,418918634
PHercParis4/segments/20260623144957-w053-058/mesh/20260623144957-on-20260411134726-2.4um.tifxyz,x.tif,90781830
PHercParis4/segments/20260623144957-w053-058/mesh/20260623144957-on-20260608103018-1.129um.tifxyz,x.tif,409581278
PHercParis4/segments/20260623145652-w059-063/mesh/20260623145652-on-20260411134726-2.4um.tifxyz,x.tif,84858950
PHercParis4/segments/20260623145652-w059-063/mesh/20260623145652-on-20260608103018-1.129um.tifxyz,x.tif,382829798
PHercParis4/segments/20260623150417-w064-068/mesh/20260623150417-on-20260411134726-2.4um.tifxyz,x.tif,94341766
PHercParis4/segments/20260623150417-w064-068/mesh/20260623150417-on-20260608103018-1.129um.tifxyz,x.tif,425649950
PHercParis4/segments/20260623151041-w069-072/mesh/20260623151041-on-20260411134726-2.4um.tifxyz,x.tif,81460742
PHercParis4/segments/20260623151041-w069-072/mesh/20260623151041-on-20260608103018-1.129um.tifxyz,x.tif,367527350
PHercParis4/segments/20260623151729-w073-076/mesh/20260623151729-on-20260411134726-2.4um.tifxyz,x.tif,86097670
PHercParis4/segments/20260623151729-w073-076/mesh/20260623151729-on-20260608103018-1.129um.tifxyz,x.tif,388457954
PHercParis4/segments/20260623152443-w077-080/mesh/20260623152443-on-20260411134726-2.4um.tifxyz,x.tif,91079174
PHercParis4/segments/20260623152443-w077-080/mesh/20260623152443-on-20260608103018-1.129um.tifxyz,x.tif,410873234
PHercParis4/segments/20260623153216-w081-084/mesh/20260623153216-on-20260411134726-2.4um.tifxyz,x.tif,97178182
PHercParis4/segments/20260623153216-w081-084/mesh/20260623153216-on-20260608103018-1.129um.tifxyz,x.tif,438411410
PHercParis4/segments/20260623154006-w085-088/mesh/20260623154006-on-20260411134726-2.4um.tifxyz,x.tif,102903814
PHercParis4/segments/20260623154006-w085-088/mesh/20260623154006-on-20260608103018-1.129um.tifxyz,x.tif,464276814
PHercParis4/segments/20260623154617-w089-091/mesh/20260623154617-on-20260411134726-2.4um.tifxyz,x.tif,81582214
PHercParis4/segments/20260623154617-w089-091/mesh/20260623154617-on-20260608103018-1.129um.tifxyz,x.tif,368085830
PHercParis4/segments/20260623155240-w092-094/mesh/20260623155240-on-20260411134726-2.4um.tifxyz,x.tif,84575366
PHercParis4/segments/20260623155240-w092-094/mesh/20260623155240-on-20260608103018-1.129um.tifxyz,x.tif,381539350
PHercParis4/segments/20260623155914-w095-097/mesh/20260623155914-on-20260411134726-2.4um.tifxyz,x.tif,87018374
PHercParis4/segments/20260623160554-w098-100/mesh/20260623160554-on-20260411134726-2.4um.tifxyz,x.tif,88650694
PHercParis4/segments/20260623161233-w101-103/mesh/20260623161233-on-20260411134726-2.4um.tifxyz,x.tif,90202246
PHercParis4/segments/20260623161921-w104-106/mesh/20260623161921-on-20260411134726-2.4um.tifxyz,x.tif,92742406
PHercParis4/segments/20260623162614-w107-109/mesh/20260623162614-on-20260411134726-2.4um.tifxyz,x.tif,94791558
PHercParis4/segments/20260623163339-w110-112/mesh/20260623163339-on-20260411134726-2.4um.tifxyz,x.tif,96427718
PHercParis4/segments/20260623164141-w113-115/mesh/20260623164141-on-20260411134726-2.4um.tifxyz,x.tif,98080134
PHercParis4/segments/20260623164141-w113-115/mesh/20260623164141-on-20260608103018-1.129um.tifxyz,x.tif,442471814
PHercParis4/segments/20260623164704-w116-117/mesh/20260623164704-on-20260411134726-2.4um.tifxyz,x.tif,66289286
PHercParis4/segments/20260623164704-w116-117/mesh/20260623164704-on-20260608103018-1.129um.tifxyz,x.tif,299076090
PHercParis4/segments/20260623165230-w118-119/mesh/20260623165230-on-20260411134726-2.4um.tifxyz,x.tif,66302214
PHercParis4/segments/20260623165230-w118-119/mesh/20260623165230-on-20260608103018-1.129um.tifxyz,x.tif,299105990
PHercParis4/segments/20260623165742-w120-121/mesh/20260623165742-on-20260411134726-2.4um.tifxyz,x.tif,66158278
PHercParis4/segments/20260623165742-w120-121/mesh/20260623165742-on-20260608103018-1.129um.tifxyz,x.tif,298466666
PHercParis4/segments/20260623170305-w122-123/mesh/20260623170305-on-20260411134726-2.4um.tifxyz,x.tif,66359558
PHercParis4/segments/20260623170305-w122-123/mesh/20260623170305-on-20260608103018-1.129um.tifxyz,x.tif,299404186
PHercParis4/segments/20260623170833-w124-125/mesh/20260623170833-on-20260411134726-2.4um.tifxyz,x.tif,70491014
PHercParis4/segments/20260623171400-w126-127/mesh/20260623171400-on-20260411134726-2.4um.tifxyz,x.tif,96497990
PHercParis4/segments/20260623171929-w128-129/mesh/20260623171929-on-20260411134726-2.4um.tifxyz,x.tif,109904390
PHercParis4/segments/20260701183124-w010-027/mesh/20260701183124-on-20260411134726-2.4um.tifxyz,x.tif,118592134
PHercParis4/segments/20260701183125-w028-037/mesh/20260701183125-on-20260411134726-2.4um.tifxyz,x.tif,125042374
PHercParis4/segments/20260701183126-w038-045/mesh/20260701183126-on-20260411134726-2.4um.tifxyz,x.tif,137719430
PHercParis4/segments/20260701183127-w046-052/mesh/20260701183127-on-20260411134726-2.4um.tifxyz,x.tif,146022214
PHercParis4/segments/20260701183128-w053-058/mesh/20260701183128-on-20260411134726-2.4um.tifxyz,x.tif,135332294
PHercParis4/segments/20260701183129-w059-063/mesh/20260701183129-on-20260411134726-2.4um.tifxyz,x.tif,129958534
PHercParis4/segments/20260701183130-w064-068/mesh/20260701183130-on-20260411134726-2.4um.tifxyz,x.tif,142257734
PHercParis4/segments/20260701183131-w069-072/mesh/20260701183131-on-20260411134726-2.4um.tifxyz,x.tif,121601606
PHercParis4/segments/20260701183132-w073-076/mesh/20260701183132-on-20260411134726-2.4um.tifxyz,x.tif,139681926
PHercParis4/segments/20260701183133-w077-080/mesh/20260701183133-on-20260411134726-2.4um.tifxyz,x.tif,144842822
PHercParis4/segments/20260701183134-w081-084/mesh/20260701183134-on-20260411134726-2.4um.tifxyz,x.tif,153535622
PHercParis4/segments/20260701183135-w085-088/mesh/20260701183135-on-20260411134726-2.4um.tifxyz,x.tif,160929030
PHercParis4/segments/20260701183136-w089-091/mesh/20260701183136-on-20260411134726-2.4um.tifxyz,x.tif,125345286
PHercParis4/segments/20260701183137-w092-094/mesh/20260701183137-on-20260411134726-2.4um.tifxyz,x.tif,128510278
PHercParis4/segments/20260701183138-w095-097/mesh/20260701183138-on-20260411134726-2.4um.tifxyz,x.tif,134064262
PHercParis4/segments/20260701183139-w098-100/mesh/20260701183139-on-20260411134726-2.4um.tifxyz,x.tif,136569350
PHercParis4/segments/20260701183140-w101-103/mesh/20260701183140-on-20260411134726-2.4um.tifxyz,x.tif,141289414
PHercParis4/segments/20260701183141-w104-106/mesh/20260701183141-on-20260411134726-2.4um.tifxyz,x.tif,139268870
PHercParis4/segments/20260701183142-w107-109/mesh/20260701183142-on-20260411134726-2.4um.tifxyz,x.tif,141575750
PHercParis4/segments/20260701183143-w110-112/mesh/20260701183143-on-20260411134726-2.4um.tifxyz,x.tif,143120774
PHercParis4/segments/20260701183144-w113-115/mesh/20260701183144-on-20260411134726-2.4um.tifxyz,x.tif,145087622
PHercParis4/segments/20260701183145-w116-117/mesh/20260701183145-on-20260411134726-2.4um.tifxyz,x.tif,100926278
PHercParis4/segments/20260701183146-w118-119/mesh/20260701183146-on-20260411134726-2.4um.tifxyz,x.tif,102873734
PHercParis4/segments/20260701183147-w120-121/mesh/20260701183147-on-20260411134726-2.4um.tifxyz,x.tif,105062534
PHercParis4/segments/20260701183148-w122-123/mesh/20260701183148-on-20260411134726-2.4um.tifxyz,x.tif,108569478
PHercParis4/segments/20260701183149-w124-125/mesh/20260701183149-on-20260411134726-2.4um.tifxyz,x.tif,120307846
PHercParis4/segments/20260701183150-w126-127/mesh/20260701183150-on-20260411134726-2.4um.tifxyz,x.tif,145711238
PHercParis4/segments/20260701183151-w128-129/mesh/20260701183151-on-20260411134726-2.4um.tifxyz,x.tif,127291142
