code,severity,root,level,detail,observed,expected,evidence_state
TIFXYZ_NEGATIVE_COORDINATE,low,PHerc0139/segments/20250108000001-w026_2025010854/mesh/20250108000001-on-20250820105138-2.403um.tifxyz,,352980 of 1782040 valid points have a negative z coordinate: they lie outside any CT volume,352980,0,PRESENT
TIFXYZ_NEGATIVE_COORDINATE,low,PHerc0139/segments/20250108000001-w026_2025010854/mesh/20250108000001-on-20260319133554-2.403um.tifxyz,,352980 of 1782040 valid points have a negative z coordinate: they lie outside any CT volume,352980,0,PRESENT
TIFXYZ_NEGATIVE_COORDINATE,low,PHerc0139/segments/20250108000000-w025_2025010863/mesh/20250108000000-on-20250820105138-2.403um.tifxyz,,320576 of 1564615 valid points have a negative z coordinate: they lie outside any CT volume,320576,0,PRESENT
TIFXYZ_CONTENT_UNDECODED,info,PHerc0139/segments/20250108000001-w026_2025010854/mesh/20250108000001-on-20260413113053-1.129um.tifxyz,x.tif,"x.tif is 37329734 bytes, above --max-content-bytes",,,PRESENT
TIFXYZ_NEGATIVE_COORDINATE,low,PHerc0139/segments/20250108000000-w025_2025010863/mesh/20250108000000-on-20260319133554-2.403um.tifxyz,,320576 of 1564615 valid points have a negative z coordinate: they lie outside any CT volume,320576,0,PRESENT
TIFXYZ_NEGATIVE_COORDINATE,low,PHerc0139/segments/20250108000002-w027_2025010845/mesh/20250108000002-on-20250820105138-2.403um.tifxyz,,328068 of 1717335 valid points have a negative z coordinate: they lie outside any CT volume,328068,0,PRESENT
TIFXYZ_CONTENT_UNDECODED,info,PHerc0139/segments/20250108000000-w025_2025010863/mesh/20250108000000-on-20260413113053-1.129um.tifxyz,x.tif,"x.tif is 33939350 bytes, above --max-content-bytes",,,PRESENT
TIFXYZ_NEGATIVE_COORDINATE,low,PHerc0139/segments/20251226000000-w055_2025122611/mesh/20251226000000-on-20250820105138-2.403um.tifxyz,,472119 of 2612200 valid points have a negative z coordinate: they lie outside any CT volume,472119,0,PRESENT
TIFXYZ_NEGATIVE_COORDINATE,low,PHerc0139/segments/20251226000000-w055_2025122611/mesh/20251226000000-on-20260319133554-2.403um.tifxyz,,472119 of 2612200 valid points have a negative z coordinate: they lie outside any CT volume,472119,0,PRESENT
TIFXYZ_NEGATIVE_COORDINATE,low,PHerc0139/segments/20250108000002-w027_2025010845/mesh/20250108000002-on-20260319133554-2.403um.tifxyz,,328068 of 1717335 valid points have a negative z coordinate: they lie outside any CT volume,328068,0,PRESENT
TIFXYZ_NEGATIVE_COORDINATE,low,PHerc0139/segments/20260108000000-w041_2026010816/mesh/20260108000000-on-20250820105138-2.403um.tifxyz,,94706 of 1657472 valid points have a negative z coordinate: they lie outside any CT volume,94706,0,PRESENT
TIFXYZ_CONTENT_UNDECODED,info,PHerc0139/segments/20250108000002-w027_2025010845/mesh/20250108000002-on-20260413113053-1.129um.tifxyz,x.tif,"x.tif is 36602570 bytes, above --max-content-bytes",,,PRESENT
TIFXYZ_CONTENT_UNDECODED,info,PHerc0139/segments/20251226000000-w055_2025122611/mesh/20251226000000-on-20260413113053-1.129um.tifxyz,x.tif,"x.tif is 55076794 bytes, above --max-content-bytes",,,PRESENT
TIFXYZ_NEGATIVE_COORDINATE,low,PHerc0139/segments/20260108000000-w041_2026010816/mesh/20260108000000-on-20260319133554-2.403um.tifxyz,,94706 of 1657472 valid points have a negative z coordinate: they lie outside any CT volume,94706,0,PRESENT
TIFXYZ_NEGATIVE_COORDINATE,low,PHerc0139/segments/20250108000003-w028_2025010836/mesh/20250108000003-on-20260319133554-2.403um.tifxyz,,321882 of 1723911 valid points have a negative z coordinate: they lie outside any CT volume,321882,0,PRESENT
TIFXYZ_NEGATIVE_COORDINATE,low,PHerc0139/segments/20250108000003-w028_2025010836/mesh/20250108000003-on-20250820105138-2.403um.tifxyz,,321882 of 1723911 valid points have a negative z coordinate: they lie outside any CT volume,321882,0,PRESENT
TIFXYZ_CONTENT_UNDECODED,info,PHerc0139/segments/20260108000000-w041_2026010816/mesh/20260108000000-on-20260413113053-1.129um.tifxyz,x.tif,"x.tif is 33999970 bytes, above --max-content-bytes",,,PRESENT
TIFXYZ_NEGATIVE_COORDINATE,low,PHerc0139/segments/20250108000004-w029_2025010827/mesh/20250108000004-on-20250820105138-2.403um.tifxyz,,317468 of 1726231 valid points have a negative z coordinate: they lie outside any CT volume,317468,0,PRESENT
TIFXYZ_NEGATIVE_COORDINATE,low,PHerc0139/segments/20250108000004-w029_2025010827/mesh/20250108000004-on-20260319133554-2.403um.tifxyz,,317468 of 1726231 valid points have a negative z coordinate: they lie outside any CT volume,317468,0,PRESENT
TIFXYZ_NEGATIVE_COORDINATE,low,PHerc0139/segments/20250108000005-w030_2025010818/mesh/20250108000005-on-20250820105138-2.403um.tifxyz,,313327 of 1731355 valid points have a negative z coordinate: they lie outside any CT volume,313327,0,PRESENT
TIFXYZ_CONTENT_UNDECODED,info,PHerc0139/segments/20250108000003-w028_2025010836/mesh/20250108000003-on-20260413113053-1.129um.tifxyz,x.tif,"x.tif is 36588686 bytes, above --max-content-bytes",,,PRESENT
TIFXYZ_NEGATIVE_COORDINATE,low,PHerc0139/segments/20250108000005-w030_2025010818/mesh/20250108000005-on-20260319133554-2.403um.tifxyz,,313327 of 1731355 valid points have a negative z coordinate: they lie outside any CT volume,313327,0,PRESENT
TIFXYZ_CONTENT_UNDECODED,info,PHerc0139/segments/20250108000004-w029_2025010827/mesh/20250108000004-on-20260413113053-1.129um.tifxyz,x.tif,"x.tif is 36692102 bytes, above --max-content-bytes",,,PRESENT
TIFXYZ_CONTENT_UNDECODED,info,PHerc0139/segments/20250108000005-w030_2025010818/mesh/20250108000005-on-20260413113053-1.129um.tifxyz,x.tif,"x.tif is 36475046 bytes, above --max-content-bytes",,,PRESENT
TIFXYZ_NEGATIVE_COORDINATE,low,PHerc0139/segments/20250223000000-w059_2025022312/mesh/20250223000000-on-20250820105138-2.403um.tifxyz,,449232 of 2373973 valid points have a negative z coordinate: they lie outside any CT volume,449232,0,PRESENT
TIFXYZ_NEGATIVE_COORDINATE,low,PHerc0139/segments/20250831000000-w040_2025083102/mesh/20250831000000-on-20250820105138-2.403um.tifxyz,,103595 of 1678776 valid points have a negative z coordinate: they lie outside any CT volume,103595,0,PRESENT
TIFXYZ_NEGATIVE_COORDINATE,low,PHerc0139/segments/20250223000000-w059_2025022312/mesh/20250223000000-on-20260319133554-2.403um.tifxyz,,449232 of 2373973 valid points have a negative z coordinate: they lie outside any CT volume,449232,0,PRESENT
TIFXYZ_NEGATIVE_COORDINATE,low,PHerc0139/segments/20250831000000-w040_2025083102/mesh/20250831000000-on-20260319133554-2.403um.tifxyz,,103595 of 1678776 valid points have a negative z coordinate: they lie outside any CT volume,103595,0,PRESENT
TIFXYZ_CONTENT_UNDECODED,info,PHerc0139/segments/20250831000000-w040_2025083102/mesh/20250831000000-on-20260413113053-1.129um.tifxyz,x.tif,"x.tif is 34948502 bytes, above --max-content-bytes",,,PRESENT
TIFXYZ_NEGATIVE_COORDINATE,low,PHerc0139/segments/20260112000000-w043_2026011217/mesh/20260112000000-on-20250820105138-2.403um.tifxyz,,87789 of 1672532 valid points have a negative z coordinate: they lie outside any CT volume,87789,0,PRESENT
TIFXYZ_CONTENT_UNDECODED,info,PHerc0139/segments/20250223000000-w059_2025022312/mesh/20250223000000-on-20260413113053-1.129um.tifxyz,x.tif,"x.tif is 49496070 bytes, above --max-content-bytes",,,PRESENT
TIFXYZ_NEGATIVE_COORDINATE,low,PHerc0139/segments/20260112000000-w043_2026011217/mesh/20260112000000-on-20260319133554-2.403um.tifxyz,,87789 of 1672532 valid points have a negative z coordinate: they lie outside any CT volume,87789,0,PRESENT
TIFXYZ_CONTENT_UNDECODED,info,PHerc0139/segments/20260112000000-w043_2026011217/mesh/20260112000000-on-20260413113053-1.129um.tifxyz,x.tif,"x.tif is 33973122 bytes, above --max-content-bytes",,,PRESENT
TIFXYZ_NEGATIVE_COORDINATE,low,PHerc0139/segments/20260115000000-w044_2026011522/mesh/20260115000000-on-20250820105138-2.403um.tifxyz,,82123 of 1675388 valid points have a negative z coordinate: they lie outside any CT volume,82123,0,PRESENT
TIFXYZ_NEGATIVE_COORDINATE,low,PHerc0139/segments/20260115000000-w044_2026011522/mesh/20260115000000-on-20260319133554-2.403um.tifxyz,,82123 of 1675388 valid points have a negative z coordinate: they lie outside any CT volume,82123,0,PRESENT
TIFXYZ_NEGATIVE_COORDINATE,low,PHerc0139/segments/20260115000001-w056_2026011514/mesh/20260115000001-on-20250820105138-2.403um.tifxyz,,386332 of 2328347 valid points have a negative z coordinate: they lie outside any CT volume,386332,0,PRESENT
TIFXYZ_CONTENT_UNDECODED,info,PHerc0139/segments/20260115000000-w044_2026011522/mesh/20260115000000-on-20260413113053-1.129um.tifxyz,x.tif,"x.tif is 33793646 bytes, above --max-content-bytes",,,PRESENT
TIFXYZ_NEGATIVE_COORDINATE,low,PHerc0139/segments/20260126000000-w045_2026012619/mesh/20260126000000-on-20250820105138-2.403um.tifxyz,,69993 of 1664340 valid points have a negative z coordinate: they lie outside any CT volume,69993,0,PRESENT
TIFXYZ_NEGATIVE_COORDINATE,low,PHerc0139/segments/20260115000001-w056_2026011514/mesh/20260115000001-on-20260319133554-2.403um.tifxyz,,386332 of 2328347 valid points have a negative z coordinate: they lie outside any CT volume,386332,0,PRESENT
TIFXYZ_NEGATIVE_COORDINATE,low,PHerc0139/segments/20260126000000-w045_2026012619/mesh/20260126000000-on-20260319133554-2.403um.tifxyz,,69993 of 1664340 valid points have a negative z coordinate: they lie outside any CT volume,69993,0,PRESENT
TIFXYZ_CONTENT_UNDECODED,info,PHerc0139/segments/20260115000001-w056_2026011514/mesh/20260115000001-on-20260413113053-1.129um.tifxyz,x.tif,"x.tif is 47907918 bytes, above --max-content-bytes",,,PRESENT
TIFXYZ_CONTENT_UNDECODED,info,PHerc0139/segments/20260126000000-w045_2026012619/mesh/20260126000000-on-20260413113053-1.129um.tifxyz,x.tif,"x.tif is 33792582 bytes, above --max-content-bytes",,,PRESENT
TIFXYZ_NEGATIVE_COORDINATE,low,PHerc0139/segments/20260127000000-w057_2026012713/mesh/20260127000000-on-20250820105138-2.403um.tifxyz,,505404 of 2480276 valid points have a negative z coordinate: they lie outside any CT volume,505404,0,PRESENT
TIFXYZ_NEGATIVE_COORDINATE,low,PHerc0139/segments/20260127000000-w057_2026012713/mesh/20260127000000-on-20260319133554-2.403um.tifxyz,,505404 of 2480276 valid points have a negative z coordinate: they lie outside any CT volume,505404,0,PRESENT
TIFXYZ_NEGATIVE_COORDINATE,low,PHerc0139/segments/20260215000000-w024_2026021572/mesh/20260215000000-on-20250820105138-2.403um.tifxyz,,296476 of 1475431 valid points have a negative z coordinate: they lie outside any CT volume,296476,0,PRESENT
TIFXYZ_NEGATIVE_COORDINATE,low,PHerc0139/segments/20260215000000-w024_2026021572/mesh/20260215000000-on-20260319133554-2.403um.tifxyz,,296476 of 1475431 valid points have a negative z coordinate: they lie outside any CT volume,296476,0,PRESENT
TIFXYZ_NEGATIVE_COORDINATE,low,PHerc0139/segments/20260203000000-w032_2026020303/mesh/20260203000000-on-20250820105138-2.403um.tifxyz,,310811 of 1769419 valid points have a negative z coordinate: they lie outside any CT volume,310811,0,PRESENT
TIFXYZ_CONTENT_UNDECODED,info,PHerc0139/segments/20260127000000-w057_2026012713/mesh/20260127000000-on-20260413113053-1.129um.tifxyz,x.tif,"x.tif is 50880694 bytes, above --max-content-bytes",,,PRESENT
TIFXYZ_NEGATIVE_COORDINATE,low,PHerc0139/segments/20260203000000-w032_2026020303/mesh/20260203000000-on-20260319133554-2.403um.tifxyz,,310811 of 1769419 valid points have a negative z coordinate: they lie outside any CT volume,310811,0,PRESENT
TIFXYZ_CONTENT_UNDECODED,info,PHerc0139/segments/20260203000000-w032_2026020303/mesh/20260203000000-on-20260413113053-1.129um.tifxyz,x.tif,"x.tif is 36969394 bytes, above --max-content-bytes",,,PRESENT
TIFXYZ_NEGATIVE_COORDINATE,low,PHerc0139/segments/20260130000000-w031_2026013019/mesh/20260130000000-on-20250820105138-2.403um.tifxyz,,307903 of 1736955 valid points have a negative z coordinate: they lie outside any CT volume,307903,0,PRESENT
TIFXYZ_NEGATIVE_COORDINATE,low,PHerc0139/segments/20260215000000-w024_2026021572/mesh/20260215000000-on-20260413113053-1.129um.tifxyz,,1838153 of 6628632 valid points have a negative z coordinate: they lie outside any CT volume,1838153,0,PRESENT
TIFXYZ_NEGATIVE_COORDINATE,low,PHerc0139/segments/20260130000000-w031_2026013019/mesh/20260130000000-on-20260319133554-2.403um.tifxyz,,307903 of 1736955 valid points have a negative z coordinate: they lie outside any CT volume,307903,0,PRESENT
TIFXYZ_NEGATIVE_COORDINATE,low,PHerc0139/segments/20260206000000-w042_2026020613/mesh/20260206000000-on-20250820105138-2.403um.tifxyz,,72380 of 1584716 valid points have a negative z coordinate: they lie outside any CT volume,72380,0,PRESENT
TIFXYZ_CONTENT_UNDECODED,info,PHerc0139/segments/20260130000000-w031_2026013019/mesh/20260130000000-on-20260413113053-1.129um.tifxyz,x.tif,"x.tif is 36365182 bytes, above --max-content-bytes",,,PRESENT
TIFXYZ_NEGATIVE_COORDINATE,low,PHerc0139/segments/20260206000000-w042_2026020613/mesh/20260206000000-on-20260319133554-2.403um.tifxyz,,72380 of 1584716 valid points have a negative z coordinate: they lie outside any CT volume,72380,0,PRESENT
TIFXYZ_NEGATIVE_COORDINATE,low,PHerc0139/segments/20260206000002-w054_2026020617/mesh/20260206000002-on-20250820105138-2.403um.tifxyz,,493442 of 2736108 valid points have a negative z coordinate: they lie outside any CT volume,493442,0,PRESENT
TIFXYZ_NEGATIVE_COORDINATE,low,PHerc0139/segments/20260206000001-w047_2026020613/mesh/20260206000001-on-20250820105138-2.403um.tifxyz,,49332 of 1659672 valid points have a negative z coordinate: they lie outside any CT volume,49332,0,PRESENT
TIFXYZ_NEGATIVE_COORDINATE,low,PHerc0139/segments/20260206000000-w042_2026020613/mesh/20260206000000-on-20260413113053-1.129um.tifxyz,,994120 of 7120806 valid points have a negative z coordinate: they lie outside any CT volume,994120,0,PRESENT
TIFXYZ_NEGATIVE_COORDINATE,low,PHerc0139/segments/20260206000002-w054_2026020617/mesh/20260206000002-on-20260319133554-2.403um.tifxyz,,493442 of 2736108 valid points have a negative z coordinate: they lie outside any CT volume,493442,0,PRESENT
TIFXYZ_NEGATIVE_COORDINATE,low,PHerc0139/segments/20260206000001-w047_2026020613/mesh/20260206000001-on-20260319133554-2.403um.tifxyz,,49332 of 1659672 valid points have a negative z coordinate: they lie outside any CT volume,49332,0,PRESENT
TIFXYZ_CONTENT_UNDECODED,info,PHerc0139/segments/20260206000001-w047_2026020613/mesh/20260206000001-on-20260413113053-1.129um.tifxyz,x.tif,"x.tif is 33717830 bytes, above --max-content-bytes",,,PRESENT
TIFXYZ_CONTENT_UNDECODED,info,PHerc0139/segments/20260206000002-w054_2026020617/mesh/20260206000002-on-20260413113053-1.129um.tifxyz,x.tif,"x.tif is 58388054 bytes, above --max-content-bytes",,,PRESENT
TIFXYZ_NEGATIVE_COORDINATE,low,PHerc0139/segments/20260210000000-w058_2026021020/mesh/20260210000000-on-20260319133554-2.403um.tifxyz,,460964 of 2436875 valid points have a negative z coordinate: they lie outside any CT volume,460964,0,PRESENT
TIFXYZ_NEGATIVE_COORDINATE,low,PHerc0139/segments/20260210000000-w058_2026021020/mesh/20260210000000-on-20250820105138-2.403um.tifxyz,,460964 of 2436875 valid points have a negative z coordinate: they lie outside any CT volume,460964,0,PRESENT
TIFXYZ_NEGATIVE_COORDINATE,low,PHerc0139/segments/20260219000000-w033_2026021913/mesh/20260219000000-on-20250820105138-2.403um.tifxyz,,317893 of 1794828 valid points have a negative z coordinate: they lie outside any CT volume,317893,0,PRESENT
TIFXYZ_CONTENT_UNDECODED,info,PHerc0139/segments/20260210000000-w058_2026021020/mesh/20260210000000-on-20260413113053-1.129um.tifxyz,x.tif,"x.tif is 50752174 bytes, above --max-content-bytes",,,PRESENT
TIFXYZ_NEGATIVE_COORDINATE,low,PHerc0139/segments/20260219000000-w033_2026021913/mesh/20260219000000-on-20260319133554-2.403um.tifxyz,,317893 of 1794828 valid points have a negative z coordinate: they lie outside any CT volume,317893,0,PRESENT
TIFXYZ_NEGATIVE_COORDINATE,low,PHerc0139/segments/20260219000001-w048_2026021912/mesh/20260219000001-on-20260319133554-2.403um.tifxyz,,36863 of 1657456 valid points have a negative z coordinate: they lie outside any CT volume,36863,0,PRESENT
TIFXYZ_NEGATIVE_COORDINATE,low,PHerc0139/segments/20260219000001-w048_2026021912/mesh/20260219000001-on-20250820105138-2.403um.tifxyz,,36863 of 1657456 valid points have a negative z coordinate: they lie outside any CT volume,36863,0,PRESENT
TIFXYZ_NEGATIVE_COORDINATE,low,PHerc0139/segments/20260220000000-w053_2026022021/mesh/20260220000000-on-20250820105138-2.403um.tifxyz,,432231 of 2532467 valid points have a negative z coordinate: they lie outside any CT volume,432231,0,PRESENT
TIFXYZ_CONTENT_UNDECODED,info,PHerc0139/segments/20260219000000-w033_2026021913/mesh/20260219000000-on-20260413113053-1.129um.tifxyz,x.tif,"x.tif is 37262894 bytes, above --max-content-bytes",,,PRESENT
TIFXYZ_NEGATIVE_COORDINATE,low,PHerc0139/segments/20260220000000-w053_2026022021/mesh/20260220000000-on-20260319133554-2.403um.tifxyz,,432231 of 2532467 valid points have a negative z coordinate: they lie outside any CT volume,432231,0,PRESENT
TIFXYZ_NEGATIVE_COORDINATE,low,PHerc0139/segments/20260219000001-w048_2026021912/mesh/20260219000001-on-20260413113053-1.129um.tifxyz,,886944 of 7447678 valid points have a negative z coordinate: they lie outside any CT volume,886944,0,PRESENT
TIFXYZ_CONTENT_UNDECODED,info,PHerc0139/segments/20260220000000-w053_2026022021/mesh/20260220000000-on-20260413113053-1.129um.tifxyz,x.tif,"x.tif is 52840614 bytes, above --max-content-bytes",,,PRESENT
TIFXYZ_NEGATIVE_COORDINATE,low,PHerc0139/segments/20260227000000-w052_2026022705/mesh/20260227000000-on-20260319133554-2.403um.tifxyz,,542826 of 2553833 valid points have a negative z coordinate: they lie outside any CT volume,542826,0,PRESENT
TIFXYZ_NEGATIVE_COORDINATE,low,PHerc0139/segments/20260227000000-w052_2026022705/mesh/20260227000000-on-20250820105138-2.403um.tifxyz,,542826 of 2553833 valid points have a negative z coordinate: they lie outside any CT volume,542826,0,PRESENT
TIFXYZ_NEGATIVE_COORDINATE,low,PHerc0139/segments/20260302000001-w050_2026030220/mesh/20260302000001-on-20260319133554-2.403um.tifxyz,,3542 of 695362 valid points have a negative z coordinate: they lie outside any CT volume,3542,0,PRESENT
TIFXYZ_NEGATIVE_COORDINATE,low,PHerc0139/segments/20260302000001-w050_2026030220/mesh/20260302000001-on-20250820105138-2.403um.tifxyz,,3542 of 695362 valid points have a negative z coordinate: they lie outside any CT volume,3542,0,PRESENT
TIFXYZ_NEGATIVE_COORDINATE,low,PHerc0139/segments/20260302000001-w050_2026030220/mesh/20260302000001-on-20260413113053-1.129um.tifxyz,,305570 of 3127391 valid points have a negative z coordinate: they lie outside any CT volume,305570,0,PRESENT
TIFXYZ_NEGATIVE_COORDINATE,low,PHerc0139/segments/20260303000000-w034_2026030317/mesh/20260303000000-on-20250820105138-2.403um.tifxyz,,306392 of 1788268 valid points have a negative z coordinate: they lie outside any CT volume,306392,0,PRESENT
TIFXYZ_CONTENT_UNDECODED,info,PHerc0139/segments/20260227000000-w052_2026022705/mesh/20260227000000-on-20260413113053-1.129um.tifxyz,x.tif,"x.tif is 51446710 bytes, above --max-content-bytes",,,PRESENT
TIFXYZ_NEGATIVE_COORDINATE,low,PHerc0139/segments/20260303000000-w034_2026030317/mesh/20260303000000-on-20260319133554-2.403um.tifxyz,,306392 of 1788268 valid points have a negative z coordinate: they lie outside any CT volume,306392,0,PRESENT
TIFXYZ_CONTENT_UNDECODED,info,PHerc0139/segments/20260303000000-w034_2026030317/mesh/20260303000000-on-20260413113053-1.129um.tifxyz,x.tif,"x.tif is 37143374 bytes, above --max-content-bytes",,,PRESENT
TIFXYZ_NEGATIVE_COORDINATE,low,PHerc0139/segments/20260302000000-w039_2026030210/mesh/20260302000000-on-20250820105138-2.403um.tifxyz,,92231 of 1588380 valid points have a negative z coordinate: they lie outside any CT volume,92231,0,PRESENT
TIFXYZ_NEGATIVE_COORDINATE,low,PHerc0139/segments/20260310000000-w037_2026031015/mesh/20260310000000-on-20250820105138-2.403um.tifxyz,,63878 of 1429956 valid points have a negative z coordinate: they lie outside any CT volume,63878,0,PRESENT
TIFXYZ_NEGATIVE_COORDINATE,low,PHerc0139/segments/20260302000000-w039_2026030210/mesh/20260302000000-on-20260319133554-2.403um.tifxyz,,92231 of 1588380 valid points have a negative z coordinate: they lie outside any CT volume,92231,0,PRESENT
TIFXYZ_NEGATIVE_COORDINATE,low,PHerc0139/segments/20260310000000-w037_2026031015/mesh/20260310000000-on-20260319133554-2.403um.tifxyz,,63878 of 1429956 valid points have a negative z coordinate: they lie outside any CT volume,63878,0,PRESENT
TIFXYZ_CONTENT_UNDECODED,info,PHerc0139/segments/20260302000000-w039_2026030210/mesh/20260302000000-on-20260413113053-1.129um.tifxyz,x.tif,"x.tif is 45171930 bytes, above --max-content-bytes",,,PRESENT
TIFXYZ_NEGATIVE_COORDINATE,low,PHerc0139/segments/20260306000000-w038_2026030608/mesh/20260306000000-on-20250820105138-2.403um.tifxyz,,70004 of 1505260 valid points have a negative z coordinate: they lie outside any CT volume,70004,0,PRESENT
TIFXYZ_NEGATIVE_COORDINATE,low,PHerc0139/segments/20260306000000-w038_2026030608/mesh/20260306000000-on-20260319133554-2.403um.tifxyz,,70004 of 1505260 valid points have a negative z coordinate: they lie outside any CT volume,70004,0,PRESENT
TIFXYZ_NEGATIVE_COORDINATE,low,PHerc0139/segments/20260310000000-w037_2026031015/mesh/20260310000000-on-20260413113053-1.129um.tifxyz,,888197 of 6425800 valid points have a negative z coordinate: they lie outside any CT volume,888197,0,PRESENT
TIFXYZ_NEGATIVE_COORDINATE,low,PHerc0139/segments/20260317000000-w035_2026031718/mesh/20260317000000-on-20250820105138-2.403um.tifxyz,,15687 of 971328 valid points have a negative z coordinate: they lie outside any CT volume,15687,0,PRESENT
TIFXYZ_NEGATIVE_COORDINATE,low,PHerc0139/segments/20260306000001-w051_2026030600/mesh/20260306000001-on-20250820105138-2.403um.tifxyz,,519803 of 2503745 valid points have a negative z coordinate: they lie outside any CT volume,519803,0,PRESENT
TIFXYZ_NEGATIVE_COORDINATE,low,PHerc0139/segments/20260317000000-w035_2026031718/mesh/20260317000000-on-20260319133554-2.403um.tifxyz,,15687 of 971328 valid points have a negative z coordinate: they lie outside any CT volume,15687,0,PRESENT
TIFXYZ_NEGATIVE_COORDINATE,low,PHerc0139/segments/20260306000001-w051_2026030600/mesh/20260306000001-on-20260319133554-2.403um.tifxyz,,519803 of 2503745 valid points have a negative z coordinate: they lie outside any CT volume,519803,0,PRESENT
TIFXYZ_NEGATIVE_COORDINATE,low,PHerc0139/segments/20260306000000-w038_2026030608/mesh/20260306000000-on-20260413113053-1.129um.tifxyz,,940537 of 6768547 valid points have a negative z coordinate: they lie outside any CT volume,940537,0,PRESENT
TIFXYZ_NEGATIVE_COORDINATE,low,PHerc0139/segments/20260311000000-w023_202603112281/mesh/20260311000000-on-20250820105138-2.403um.tifxyz,,274247 of 1397271 valid points have a negative z coordinate: they lie outside any CT volume,274247,0,PRESENT
TIFXYZ_CONTENT_UNDECODED,info,PHerc0139/segments/20260306000001-w051_2026030600/mesh/20260306000001-on-20260413113053-1.129um.tifxyz,x.tif,"x.tif is 49770510 bytes, above --max-content-bytes",,,PRESENT
TIFXYZ_NEGATIVE_COORDINATE,low,PHerc0139/segments/20260317000000-w035_2026031718/mesh/20260317000000-on-20260413113053-1.129um.tifxyz,,482016 of 4365370 valid points have a negative z coordinate: they lie outside any CT volume,482016,0,PRESENT
TIFXYZ_NEGATIVE_COORDINATE,low,PHerc0139/segments/20260311000000-w023_202603112281/mesh/20260311000000-on-20260319133554-2.403um.tifxyz,,274247 of 1397271 valid points have a negative z coordinate: they lie outside any CT volume,274247,0,PRESENT
TIFXYZ_NEGATIVE_COORDINATE,low,PHerc0139/segments/20260318000000-w049_20260318/mesh/20260318000000-on-20250820105138-2.403um.tifxyz,,27653 of 1806452 valid points have a negative z coordinate: they lie outside any CT volume,27653,0,PRESENT
TIFXYZ_NEGATIVE_COORDINATE,low,PHerc0139/segments/20260318000000-w049_20260318/mesh/20260318000000-on-20260319133554-2.403um.tifxyz,,27653 of 1806452 valid points have a negative z coordinate: they lie outside any CT volume,27653,0,PRESENT
TIFXYZ_NEGATIVE_COORDINATE,low,PHerc0139/segments/20260316000000-w036_2026031607/mesh/20260316000000-on-20250820105138-2.403um.tifxyz,,33352 of 1344464 valid points have a negative z coordinate: they lie outside any CT volume,33352,0,PRESENT
TIFXYZ_NEGATIVE_COORDINATE,low,PHerc0139/segments/20260316000000-w036_2026031607/mesh/20260316000000-on-20260319133554-2.403um.tifxyz,,33352 of 1344464 valid points have a negative z coordinate: they lie outside any CT volume,33352,0,PRESENT
TIFXYZ_CONTENT_UNDECODED,info,PHerc0139/segments/20260318000000-w049_20260318/mesh/20260318000000-on-20260413113053-1.129um.tifxyz,x.tif,"x.tif is 36401174 bytes, above --max-content-bytes",,,PRESENT
TIFXYZ_NEGATIVE_COORDINATE,low,PHerc0139/segments/20260311000000-w023_202603112281/mesh/20260311000000-on-20260413113053-1.129um.tifxyz,,1717503 of 6276976 valid points have a negative z coordinate: they lie outside any CT volume,1717503,0,PRESENT
TIFXYZ_NEGATIVE_COORDINATE,low,PHerc0139/segments/20260325000000-w046_20260325/mesh/20260325000000-on-20250820105138-2.403um.tifxyz,,70315 of 1669444 valid points have a negative z coordinate: they lie outside any CT volume,70315,0,PRESENT
TIFXYZ_NEGATIVE_COORDINATE,low,PHerc0139/segments/20260316000000-w036_2026031607/mesh/20260316000000-on-20260413113053-1.129um.tifxyz,,730216 of 6042922 valid points have a negative z coordinate: they lie outside any CT volume,730216,0,PRESENT
TIFXYZ_NEGATIVE_COORDINATE,low,PHerc0139/segments/20260325000000-w046_20260325/mesh/20260325000000-on-20260319133554-2.403um.tifxyz,,70315 of 1669444 valid points have a negative z coordinate: they lie outside any CT volume,70315,0,PRESENT
TIFXYZ_CONTENT_UNDECODED,info,PHerc0139/segments/20260325000000-w046_20260325/mesh/20260325000000-on-20260413113053-1.129um.tifxyz,x.tif,"x.tif is 33881718 bytes, above --max-content-bytes",,,PRESENT
TIFXYZ_NEGATIVE_COORDINATE,low,PHerc0500P2/segments/20250611170257-z_dbg_gen_00308_inp_hr/mesh/20250611170257-on-20250528085330-4.317um.tifxyz,,10 of 157810 valid points have a negative y coordinate: they lie outside any CT volume,10,0,PRESENT
TIFXYZ_CONTENT_UNDECODED,info,PHerc0814/segments/20250925161630-auto_grown_20250925161630635/mesh/20250925161630-on-20260521123630-1.129um.tifxyz,x.tif,"x.tif is 67141614 bytes, above --max-content-bytes",,,PRESENT
TIFXYZ_CONTENT_UNDECODED,info,PHerc0814/segments/20250925204843-auto_grown_20250925204843950/mesh/20250925204843-on-20260521123630-1.129um.tifxyz,x.tif,"x.tif is 101237894 bytes, above --max-content-bytes",,,PRESENT
TIFXYZ_CONTENT_UNDECODED,info,PHerc0814/segments/20250925182632-auto_grown_20250925182632715/mesh/20250925182632-on-20260521123630-1.129um.tifxyz,x.tif,"x.tif is 70978686 bytes, above --max-content-bytes",,,PRESENT
TIFXYZ_CONTENT_UNDECODED,info,PHerc0814/segments/20250926051122-auto_grown_20250926051122829/mesh/20250926051122-on-20260309142202-2.399um.tifxyz,x.tif,"x.tif is 42338618 bytes, above --max-content-bytes",,,PRESENT
TIFXYZ_NEGATIVE_COORDINATE,low,PHerc0814/segments/20260225160055-auto_grown_20260225160055913/mesh/20260225160055-on-20260521123630-1.129um.tifxyz,,317 of 39052 valid points have a negative x coordinate: they lie outside any CT volume,317,0,PRESENT
TIFXYZ_CONTENT_UNDECODED,info,PHerc0814/segments/20250926051122-auto_grown_20250926051122829/mesh/20250926051122-on-20260521123630-1.129um.tifxyz,x.tif,"x.tif is 191539634 bytes, above --max-content-bytes",,,PRESENT
TIFXYZ_CONTENT_UNDECODED,info,PHerc0814/segments/20250926165636-auto_trace_20250926165636789/mesh/20250926165636-on-20260521123630-1.129um.tifxyz,x.tif,"x.tif is 89833822 bytes, above --max-content-bytes",,,PRESENT
TIFXYZ_CONTENT_UNDECODED,info,PHerc0814/segments/20250928235953-auto_grown_20250928235953722/mesh/20250928235953-on-20260309142202-2.399um.tifxyz,x.tif,"x.tif is 40268222 bytes, above --max-content-bytes",,,PRESENT
TIFXYZ_CONTENT_UNDECODED,info,PHerc0814/segments/20250928235953-auto_grown_20250928235953722/mesh/20250928235953-on-20260521123630-1.129um.tifxyz,x.tif,"x.tif is 182157998 bytes, above --max-content-bytes",,,PRESENT
TIFXYZ_CONTENT_UNDECODED,info,PHerc0814/segments/20250926203608-auto_grown_20250926203608932/mesh/20250926203608-on-20260521123630-1.129um.tifxyz,x.tif,"x.tif is 77397894 bytes, above --max-content-bytes",,,PRESENT
TIFXYZ_CONTENT_UNDECODED,info,PHerc0814/segments/20251001060526-auto_grown_20251001060526760/mesh/20251001060526-on-20260521123630-1.129um.tifxyz,x.tif,"x.tif is 79776278 bytes, above --max-content-bytes",,,PRESENT
TIFXYZ_CONTENT_UNDECODED,info,PHerc0814/segments/20250930083742-auto_grown_20250930083742882/mesh/20250930083742-on-20260521123630-1.129um.tifxyz,x.tif,"x.tif is 71187758 bytes, above --max-content-bytes",,,PRESENT
TIFXYZ_NEGATIVE_COORDINATE,low,PHerc0841/segments/20260220213127-w00/mesh/20260220213127-on-20260319124803-2.403um.tifxyz,,6789 of 552561 valid points have a negative z coordinate: they lie outside any CT volume,6789,0,PRESENT
TIFXYZ_NEGATIVE_COORDINATE,low,PHerc0841/segments/20260220214732-auto_grown_20260220144552896/mesh/20260220214732-on-20260319124803-2.403um.tifxyz,,7231 of 554486 valid points have a negative z coordinate: they lie outside any CT volume,7231,0,PRESENT
TIFXYZ_CONTENT_UNDECODED,info,PHerc1667/segments/20251220020000-w030_2025122002_flatboi/mesh/20251220020000-on-20260323082859-1.129um.tifxyz,x.tif,"x.tif is 54111646 bytes, above --max-content-bytes",,,PRESENT
TIFXYZ_CONTENT_UNDECODED,info,PHerc1667/segments/20240304144031-w018_20240304144031_flatboi/mesh/20240304144031-on-20251217075048-2.399um.tifxyz,x.tif,"x.tif is 41574914 bytes, above --max-content-bytes",,,PRESENT
TIFXYZ_CONTENT_UNDECODED,info,PHerc1667/segments/20240304144031-w018_20240304144031_flatboi/mesh/20240304144031-on-20260323082859-1.129um.tifxyz,x.tif,"x.tif is 187674154 bytes, above --max-content-bytes",,,PRESENT
TIFXYZ_CONTENT_UNDECODED,info,PHerc1667/segments/20240304161941-w023_20240304161941_flatboi/mesh/20240304161941-on-20251217075048-2.399um.tifxyz,x.tif,"x.tif is 42848030 bytes, above --max-content-bytes",,,PRESENT
TIFXYZ_CONTENT_UNDECODED,info,PHerc1667/segments/20240304161941-w023_20240304161941_flatboi/mesh/20240304161941-on-20260323082859-1.129um.tifxyz,x.tif,"x.tif is 193417046 bytes, above --max-content-bytes",,,PRESENT
TIFXYZ_NEGATIVE_COORDINATE,low,PHerc1667/segments/20251206103305-w012_20251206103305555_flatboi/mesh/20251206103305-on-20260323082859-1.129um.tifxyz,,1614782 of 5658738 valid points have a negative z coordinate: they lie outside any CT volume,1614782,0,PRESENT
TIFXYZ_CONTENT_UNDECODED,info,PHerc1667/segments/20251208130119-w028_20251208130119156_flatboi/mesh/20251208130119-on-20260323082859-1.129um.tifxyz,x.tif,"x.tif is 51228938 bytes, above --max-content-bytes",,,PRESENT
TIFXYZ_NEGATIVE_COORDINATE,low,PHerc1667/segments/20251223230000-w031_2025122323_flatboi/mesh/20251223230000-on-20231107190228-3.24um.tifxyz,,368 of 1244712 valid points have a negative z coordinate: they lie outside any CT volume,368,0,PRESENT
TIFXYZ_CONTENT_UNDECODED,info,PHerc1667/segments/20251212185248-w029_20251212185248662_flatboi/mesh/20251212185248-on-20260323082859-1.129um.tifxyz,x.tif,"x.tif is 53712994 bytes, above --max-content-bytes",,,PRESENT
TIFXYZ_CONTENT_UNDECODED,info,PHerc1667/segments/20251223230000-w031_2025122323_flatboi/mesh/20251223230000-on-20260323082859-1.129um.tifxyz,x.tif,"x.tif is 54415194 bytes, above --max-content-bytes",,,PRESENT
TIFXYZ_NEGATIVE_COORDINATE,low,PHerc1667/segments/20260105050000-w032_2026010505_flatboi/mesh/20260105050000-on-20231107190228-3.24um.tifxyz,,110 of 1290297 valid points have a negative z coordinate: they lie outside any CT volume,110,0,PRESENT
TIFXYZ_CONTENT_UNDECODED,info,PHerc1667/segments/20240304141531-w013_20240304141531_flatboi/mesh/20240304141531-on-20260323082859-1.129um.tifxyz,x.tif,"x.tif is 149504330 bytes, above --max-content-bytes",,,PRESENT
TIFXYZ_CONTENT_UNDECODED,info,PHerc1667/segments/20260105050000-w032_2026010505_flatboi/mesh/20260105050000-on-20260323082859-1.129um.tifxyz,x.tif,"x.tif is 56377774 bytes, above --max-content-bytes",,,PRESENT
TIFXYZ_NEGATIVE_COORDINATE,low,PHerc1667/segments/20260108140509-w011_20260108140509268_flatboi/mesh/20260108140509-on-20260323082859-1.129um.tifxyz,,1435755 of 5229508 valid points have a negative z coordinate: they lie outside any CT volume,1435755,0,PRESENT
TIFXYZ_NEGATIVE_COORDINATE,low,PHerc1667/segments/20260205070000-w041_2026020507_flatboi/mesh/20260205070000-on-20231117161658-7.91um.tifxyz,,319 of 131333 valid points have a negative y coordinate: they lie outside any CT volume,319,0,PRESENT
TIFXYZ_CONTENT_UNDECODED,info,PHerc1667/segments/20260110010000-w033_2026011001_flatboi/mesh/20260110010000-on-20260323082859-1.129um.tifxyz,x.tif,"x.tif is 51446214 bytes, above --max-content-bytes",,,PRESENT
TIFXYZ_CONTENT_UNDECODED,info,PHerc1667/segments/20260205070000-w041_2026020507_flatboi/mesh/20260205070000-on-20260323082859-1.129um.tifxyz,x.tif,"x.tif is 47173702 bytes, above --max-content-bytes",,,PRESENT
TIFXYZ_NEGATIVE_COORDINATE,low,PHerc1667/segments/20260119120000-w036_2026011912_flatboi/mesh/20260119120000-on-20231107190228-3.24um.tifxyz,,3545 of 1166719 valid points have a negative z coordinate: they lie outside any CT volume,3545,0,PRESENT
TIFXYZ_CONTENT_UNDECODED,info,PHerc1667/segments/20260115160000-w034_2026011516_flatboi/mesh/20260115160000-on-20260323082859-1.129um.tifxyz,x.tif,"x.tif is 52519326 bytes, above --max-content-bytes",,,PRESENT
TIFXYZ_NEGATIVE_COORDINATE,low,PHerc1667/segments/20260123230000-w037_2026012323_flatboi/mesh/20260123230000-on-20231107190228-3.24um.tifxyz,,262 of 970023 valid points have a negative z coordinate: they lie outside any CT volume,262,0,PRESENT
TIFXYZ_CONTENT_UNDECODED,info,PHerc1667/segments/20260116230000-w035_2026011623_flatboi/mesh/20260116230000-on-20260323082859-1.129um.tifxyz,x.tif,"x.tif is 53890358 bytes, above --max-content-bytes",,,PRESENT
TIFXYZ_NEGATIVE_COORDINATE,low,PHerc1667/segments/20260128140000-w038_2026012814_flatboi/mesh/20260128140000-on-20231107190228-3.24um.tifxyz,,166 of 1047481 valid points have a negative x/z coordinate: they lie outside any CT volume,166,0,PRESENT
TIFXYZ_CONTENT_UNDECODED,info,PHerc1667/segments/20260119120000-w036_2026011912_flatboi/mesh/20260119120000-on-20260323082859-1.129um.tifxyz,x.tif,"x.tif is 59686930 bytes, above --max-content-bytes",,,PRESENT
TIFXYZ_NEGATIVE_COORDINATE,low,PHerc1667/segments/20260128140000-w038_2026012814_flatboi/mesh/20260128140000-on-20231117161658-7.91um.tifxyz,,5 of 181885 valid points have a negative y coordinate: they lie outside any CT volume,5,0,PRESENT
TIFXYZ_NEGATIVE_COORDINATE,low,PHerc1667/segments/20260130150000-w039_2026013015_flatboi/mesh/20260130150000-on-20231107190228-3.24um.tifxyz,,2526 of 1081508 valid points have a negative x/z coordinate: they lie outside any CT volume,2526,0,PRESENT
TIFXYZ_CONTENT_UNDECODED,info,PHerc1667/segments/20260123230000-w037_2026012323_flatboi/mesh/20260123230000-on-20260323082859-1.129um.tifxyz,x.tif,"x.tif is 49155114 bytes, above --max-content-bytes",,,PRESENT
TIFXYZ_CONTENT_UNDECODED,info,PHerc1667/segments/20260128140000-w038_2026012814_flatboi/mesh/20260128140000-on-20260323082859-1.129um.tifxyz,x.tif,"x.tif is 52232902 bytes, above --max-content-bytes",,,PRESENT
TIFXYZ_NEGATIVE_COORDINATE,low,PHerc1667/segments/20260203210000-w040_2026020321_flatboi/mesh/20260203210000-on-20231107190228-3.24um.tifxyz,,640 of 906224 valid points have a negative x/z coordinate: they lie outside any CT volume,640,0,PRESENT
TIFXYZ_CONTENT_UNDECODED,info,PHerc1667/segments/20260612121456-w011_20260108140509268_merged_v4_flatboi_straightened_v4/mesh/20260612121456-on-20231107190228-3.24um.tifxyz,x.tif,"x.tif is 134042254 bytes, above --max-content-bytes",,,PRESENT
TIFXYZ_CONTENT_UNDECODED,info,PHerc1667/segments/20260130150000-w039_2026013015_flatboi/mesh/20260130150000-on-20260323082859-1.129um.tifxyz,x.tif,"x.tif is 54197318 bytes, above --max-content-bytes",,,PRESENT
TIFXYZ_NEGATIVE_COORDINATE,low,PHerc1667/segments/20260612121456-w011_20260108140509268_merged_v4_flatboi_straightened_v4/mesh/20260612121456-on-20231117161658-7.91um.tifxyz,,250 of 4393003 valid points have a negative y coordinate: they lie outside any CT volume,250,0,PRESENT
TIFXYZ_NEGATIVE_COORDINATE,low,PHercParis4/segments/20260602225659-5753_0/mesh/20260602225659-on-20230205180739-7.91um.tifxyz,,81170 of 210341 valid points have a negative z coordinate: they lie outside any CT volume,81170,0,PRESENT
TIFXYZ_NEGATIVE_COORDINATE,low,PHercParis4/segments/20260602204401-5753_-7/mesh/20260602204401-on-20230205180739-7.91um.tifxyz,,37561 of 97749 valid points have a negative z coordinate: they lie outside any CT volume,37561,0,PRESENT
TIFXYZ_CONTENT_UNDECODED,info,PHerc1667/segments/20260612121456-w011_20260108140509268_merged_v4_flatboi_straightened_v4/mesh/20260612121456-on-20251217075048-2.399um.tifxyz,x.tif,"x.tif is 248119802 bytes, above --max-content-bytes",,,PRESENT
TIFXYZ_CONTENT_UNDECODED,info,PHerc1667/segments/20260203210000-w040_2026020321_flatboi/mesh/20260203210000-on-20260323082859-1.129um.tifxyz,x.tif,"x.tif is 49984982 bytes, above --max-content-bytes",,,PRESENT
TIFXYZ_CONTENT_UNDECODED,info,PHercParis4/segments/20260602204401-5753_-7/mesh/20260602204401-on-20260608103018-1.129um.tifxyz,x.tif,"x.tif is 41151638 bytes, above --max-content-bytes",,,PRESENT
TIFXYZ_NEGATIVE_COORDINATE,low,PHercParis4/segments/20260603005223-5753_-1/mesh/20260603005223-on-20230205180739-7.91um.tifxyz,,76711 of 200795 valid points have a negative z coordinate: they lie outside any CT volume,76711,0,PRESENT
TIFXYZ_NEGATIVE_COORDINATE,low,PHercParis4/segments/20260603024952-5753_-2/mesh/20260603024952-on-20230205180739-7.91um.tifxyz,,75400 of 191247 valid points have a negative z coordinate: they lie outside any CT volume,75400,0,PRESENT
TIFXYZ_NEGATIVE_COORDINATE,low,PHercParis4/segments/20260603145540-5753_-4/mesh/20260603145540-on-20230205180739-7.91um.tifxyz,,68669 of 173085 valid points have a negative z coordinate: they lie outside any CT volume,68669,0,PRESENT
TIFXYZ_NEGATIVE_COORDINATE,low,PHercParis4/segments/20260603190005-5753_-5/mesh/20260603190005-on-20230205180739-7.91um.tifxyz,,61328 of 154531 valid points have a negative z coordinate: they lie outside any CT volume,61328,0,PRESENT
TIFXYZ_CONTENT_UNDECODED,info,PHercParis4/segments/20260603024952-5753_-2/mesh/20260603024952-on-20260608103018-1.129um.tifxyz,x.tif,"x.tif is 55987142 bytes, above --max-content-bytes",,,PRESENT
TIFXYZ_NEGATIVE_COORDINATE,low,PHercParis4/segments/20260603042357-5753_-3/mesh/20260603042357-on-20230205180739-7.91um.tifxyz,,72967 of 184019 valid points have a negative z coordinate: they lie outside any CT volume,72967,0,PRESENT
TIFXYZ_CONTENT_UNDECODED,info,PHercParis4/segments/20260603145540-5753_-4/mesh/20260603145540-on-20260608103018-1.129um.tifxyz,x.tif,"x.tif is 52365122 bytes, above --max-content-bytes",,,PRESENT
TIFXYZ_NEGATIVE_COORDINATE,low,PHercParis4/segments/20260603185441-5753_-6/mesh/20260603185441-on-20230205180739-7.91um.tifxyz,,55534 of 140000 valid points have a negative z coordinate: they lie outside any CT volume,55534,0,PRESENT
TIFXYZ_NEGATIVE_COORDINATE,low,PHercParis4/segments/20260603193311-5753_-1_copy/mesh/20260603193311-on-20230205180739-7.91um.tifxyz,,64399 of 169353 valid points have a negative z coordinate: they lie outside any CT volume,64399,0,PRESENT
TIFXYZ_CONTENT_UNDECODED,info,PHercParis4/segments/20260603190005-5753_-5/mesh/20260603190005-on-20260608103018-1.129um.tifxyz,x.tif,"x.tif is 47494554 bytes, above --max-content-bytes",,,PRESENT
TIFXYZ_CONTENT_UNDECODED,info,PHercParis4/segments/20260603042357-5753_-3/mesh/20260603042357-on-20260608103018-1.129um.tifxyz,x.tif,"x.tif is 54617574 bytes, above --max-content-bytes",,,PRESENT
TIFXYZ_NEGATIVE_COORDINATE,low,PHercParis4/segments/20260603222816-20231005123336_v2_flatboi/mesh/20260603222816-on-20230205180739-7.91um.tifxyz,,3195 of 533011 valid points have a negative z coordinate: they lie outside any CT volume,3195,0,PRESENT
TIFXYZ_CONTENT_UNDECODED,info,PHercParis4/segments/20260603185441-5753_-6/mesh/20260603185441-on-20260608103018-1.129um.tifxyz,x.tif,"x.tif is 49604006 bytes, above --max-content-bytes",,,PRESENT
TIFXYZ_CONTENT_UNDECODED,info,PHercParis4/segments/20260603193311-5753_-1_copy/mesh/20260603193311-on-20260608103018-1.129um.tifxyz,x.tif,"x.tif is 61428314 bytes, above --max-content-bytes",,,PRESENT
TIFXYZ_NEGATIVE_COORDINATE,low,PHercParis4/segments/20260604223808-20231210121321_v8/mesh/20260604223808-on-20230205180739-7.91um.tifxyz,,248088 of 685134 valid points have a negative z coordinate: they lie outside any CT volume,248088,0,PRESENT
TIFXYZ_CONTENT_UNDECODED,info,PHercParis4/segments/20260603222816-20231005123336_v2_flatboi/mesh/20260603222816-on-20260608103018-1.129um.tifxyz,x.tif,"x.tif is 112947542 bytes, above --max-content-bytes",,,PRESENT
TIFXYZ_NEGATIVE_COORDINATE,low,PHercParis4/segments/20260623141135-w046-052_jordi/mesh/20260623141135-on-20230205180739-7.91um.tifxyz,,62804 of 2004277 valid points have a negative z coordinate: they lie outside any CT volume,62804,0,PRESENT
TIFXYZ_NEGATIVE_COORDINATE,low,PHercParis4/segments/20260623141924-w010-027/mesh/20260623141924-on-20230205180739-7.91um.tifxyz,,54583 of 1713764 valid points have a negative z coordinate: they lie outside any CT volume,54583,0,PRESENT
TIFXYZ_CONTENT_UNDECODED,info,PHercParis4/segments/20260604223808-20231210121321_v8/mesh/20260604223808-on-20260608103018-1.129um.tifxyz,x.tif,"x.tif is 143835358 bytes, above --max-content-bytes",,,PRESENT
TIFXYZ_CONTENT_UNDECODED,info,PHercParis4/segments/20260623141135-w046-052_jordi/mesh/20260623141135-on-20260608103018-1.129um.tifxyz,x.tif,"x.tif is 417668078 bytes, above --max-content-bytes",,,PRESENT
TIFXYZ_CONTENT_UNDECODED,info,PHercParis4/segments/20260623141135-w046-052_jordi/mesh/20260623141135-on-20260411134726-2.4um.tifxyz,x.tif,"x.tif is 92582342 bytes, above --max-content-bytes",,,PRESENT
TIFXYZ_NEGATIVE_COORDINATE,low,PHercParis4/segments/20260623141649-w053-058_jordi/mesh/20260623141649-on-20230205180739-7.91um.tifxyz,,61060 of 1949263 valid points have a negative z coordinate: they lie outside any CT volume,61060,0,PRESENT
TIFXYZ_CONTENT_UNDECODED,info,PHercParis4/segments/20260623141924-w010-027/mesh/20260623141924-on-20260411134726-2.4um.tifxyz,x.tif,"x.tif is 76504070 bytes, above --max-content-bytes",,,PRESENT
TIFXYZ_CONTENT_UNDECODED,info,PHercParis4/segments/20260623141924-w010-027/mesh/20260623141924-on-20260608103018-1.129um.tifxyz,x.tif,"x.tif is 345137134 bytes, above --max-content-bytes",,,PRESENT
TIFXYZ_NEGATIVE_COORDINATE,low,PHercParis4/segments/20260623142658-w028-037/mesh/20260623142658-on-20230205180739-7.91um.tifxyz,,55900 of 1809095 valid points have a negative z coordinate: they lie outside any CT volume,55900,0,PRESENT
TIFXYZ_NEGATIVE_COORDINATE,low,PHercParis4/segments/20260623143441-w038-045/mesh/20260623143441-on-20230205180739-7.91um.tifxyz,,57276 of 1843335 valid points have a negative z coordinate: they lie outside any CT volume,57276,0,PRESENT
TIFXYZ_CONTENT_UNDECODED,info,PHercParis4/segments/20260623141649-w053-058_jordi/mesh/20260623141649-on-20260411134726-2.4um.tifxyz,x.tif,"x.tif is 90916934 bytes, above --max-content-bytes",,,PRESENT
TIFXYZ_CONTENT_UNDECODED,info,PHercParis4/segments/20260623141649-w053-058_jordi/mesh/20260623141649-on-20260608103018-1.129um.tifxyz,x.tif,"x.tif is 410151426 bytes, above --max-content-bytes",,,PRESENT
TIFXYZ_CONTENT_UNDECODED,info,PHercParis4/segments/20260623142658-w028-037/mesh/20260623142658-on-20260411134726-2.4um.tifxyz,x.tif,"x.tif is 82035334 bytes, above --max-content-bytes",,,PRESENT
TIFXYZ_CONTENT_UNDECODED,info,PHercParis4/segments/20260623142658-w028-037/mesh/20260623142658-on-20260608103018-1.129um.tifxyz,x.tif,"x.tif is 370112646 bytes, above --max-content-bytes",,,PRESENT
TIFXYZ_NEGATIVE_COORDINATE,low,PHercParis4/segments/20260623144957-w053-058/mesh/20260623144957-on-20230205180739-7.91um.tifxyz,,60390 of 1952727 valid points have a negative z coordinate: they lie outside any CT volume,60390,0,PRESENT
TIFXYZ_CONTENT_UNDECODED,info,PHercParis4/segments/20260623143441-w038-045/mesh/20260623143441-on-20260411134726-2.4um.tifxyz,x.tif,"x.tif is 88083206 bytes, above --max-content-bytes",,,PRESENT
TIFXYZ_CONTENT_UNDECODED,info,PHercParis4/segments/20260623143441-w038-045/mesh/20260623143441-on-20260608103018-1.129um.tifxyz,x.tif,"x.tif is 397400914 bytes, above --max-content-bytes",,,PRESENT
TIFXYZ_CONTENT_UNDECODED,info,PHercParis4/segments/20260623144957-w053-058/mesh/20260623144957-on-20260411134726-2.4um.tifxyz,x.tif,"x.tif is 90781830 bytes, above --max-content-bytes",,,PRESENT
TIFXYZ_CONTENT_UNDECODED,info,PHercParis4/segments/20260623144957-w053-058/mesh/20260623144957-on-20260608103018-1.129um.tifxyz,x.tif,"x.tif is 409581278 bytes, above --max-content-bytes",,,PRESENT
TIFXYZ_NEGATIVE_COORDINATE,low,PHercParis4/segments/20260623144224-w046-052/mesh/20260623144224-on-20230205180739-7.91um.tifxyz,,63134 of 2004286 valid points have a negative z coordinate: they lie outside any CT volume,63134,0,PRESENT
TIFXYZ_NEGATIVE_COORDINATE,low,PHercParis4/segments/20260623150417-w064-068/mesh/20260623150417-on-20230205180739-7.91um.tifxyz,,59853 of 1999850 valid points have a negative z coordinate: they lie outside any CT volume,59853,0,PRESENT
TIFXYZ_CONTENT_UNDECODED,info,PHercParis4/segments/20260623144224-w046-052/mesh/20260623144224-on-20260411134726-2.4um.tifxyz,x.tif,"x.tif is 92852614 bytes, above --max-content-bytes",,,PRESENT
TIFXYZ_NEGATIVE_COORDINATE,low,PHercParis4/segments/20260623145652-w059-063/mesh/20260623145652-on-20230205180739-7.91um.tifxyz,,55534 of 1802577 valid points have a negative z coordinate: they lie outside any CT volume,55534,0,PRESENT
TIFXYZ_CONTENT_UNDECODED,info,PHercParis4/segments/20260623144224-w046-052/mesh/20260623144224-on-20260608103018-1.129um.tifxyz,x.tif,"x.tif is 418918634 bytes, above --max-content-bytes",,,PRESENT
TIFXYZ_CONTENT_UNDECODED,info,PHercParis4/segments/20260623150417-w064-068/mesh/20260623150417-on-20260411134726-2.4um.tifxyz,x.tif,"x.tif is 94341766 bytes, above --max-content-bytes",,,PRESENT
TIFXYZ_NEGATIVE_COORDINATE,low,PHercParis4/segments/20260623151041-w069-072/mesh/20260623151041-on-20230205180739-7.91um.tifxyz,,51337 of 1724677 valid points have a negative z coordinate: they lie outside any CT volume,51337,0,PRESENT
TIFXYZ_CONTENT_UNDECODED,info,PHercParis4/segments/20260623150417-w064-068/mesh/20260623150417-on-20260608103018-1.129um.tifxyz,x.tif,"x.tif is 425649950 bytes, above --max-content-bytes",,,PRESENT
TIFXYZ_CONTENT_UNDECODED,info,PHercParis4/segments/20260623145652-w059-063/mesh/20260623145652-on-20260411134726-2.4um.tifxyz,x.tif,"x.tif is 84858950 bytes, above --max-content-bytes",,,PRESENT
TIFXYZ_CONTENT_UNDECODED,info,PHercParis4/segments/20260623145652-w059-063/mesh/20260623145652-on-20260608103018-1.129um.tifxyz,x.tif,"x.tif is 382829798 bytes, above --max-content-bytes",,,PRESENT
TIFXYZ_NEGATIVE_COORDINATE,low,PHercParis4/segments/20260623154006-w085-088/mesh/20260623154006-on-20230205180739-7.91um.tifxyz,,62967 of 2144555 valid points have a negative z coordinate: they lie outside any CT volume,62967,0,PRESENT
TIFXYZ_CONTENT_UNDECODED,info,PHercParis4/segments/20260623151041-w069-072/mesh/20260623151041-on-20260411134726-2.4um.tifxyz,x.tif,"x.tif is 81460742 bytes, above --max-content-bytes",,,PRESENT
TIFXYZ_CONTENT_UNDECODED,info,PHercParis4/segments/20260623151041-w069-072/mesh/20260623151041-on-20260608103018-1.129um.tifxyz,x.tif,"x.tif is 367527350 bytes, above --max-content-bytes",,,PRESENT
TIFXYZ_NEGATIVE_COORDINATE,low,PHercParis4/segments/20260623151729-w073-076/mesh/20260623151729-on-20230205180739-7.91um.tifxyz,,53743 of 1816514 valid points have a negative z coordinate: they lie outside any CT volume,53743,0,PRESENT
TIFXYZ_CONTENT_UNDECODED,info,PHercParis4/segments/20260623154006-w085-088/mesh/20260623154006-on-20260411134726-2.4um.tifxyz,x.tif,"x.tif is 102903814 bytes, above --max-content-bytes",,,PRESENT
TIFXYZ_CONTENT_UNDECODED,info,PHercParis4/segments/20260623154006-w085-088/mesh/20260623154006-on-20260608103018-1.129um.tifxyz,x.tif,"x.tif is 464276814 bytes, above --max-content-bytes",,,PRESENT
TIFXYZ_NEGATIVE_COORDINATE,low,PHercParis4/segments/20260623154617-w089-091/mesh/20260623154617-on-20230205180739-7.91um.tifxyz,,50747 of 1689050 valid points have a negative z coordinate: they lie outside any CT volume,50747,0,PRESENT
TIFXYZ_CONTENT_UNDECODED,info,PHercParis4/segments/20260623151729-w073-076/mesh/20260623151729-on-20260608103018-1.129um.tifxyz,x.tif,"x.tif is 388457954 bytes, above --max-content-bytes",,,PRESENT
TIFXYZ_CONTENT_UNDECODED,info,PHercParis4/segments/20260623151729-w073-076/mesh/20260623151729-on-20260411134726-2.4um.tifxyz,x.tif,"x.tif is 86097670 bytes, above --max-content-bytes",,,PRESENT
TIFXYZ_NEGATIVE_COORDINATE,low,PHercParis4/segments/20260623153216-w081-084/mesh/20260623153216-on-20230205180739-7.91um.tifxyz,,60039 of 2046191 valid points have a negative z coordinate: they lie outside any CT volume,60039,0,PRESENT
TIFXYZ_CONTENT_UNDECODED,info,PHercParis4/segments/20260623154617-w089-091/mesh/20260623154617-on-20260608103018-1.129um.tifxyz,x.tif,"x.tif is 368085830 bytes, above --max-content-bytes",,,PRESENT
TIFXYZ_CONTENT_UNDECODED,info,PHercParis4/segments/20260623154617-w089-091/mesh/20260623154617-on-20260411134726-2.4um.tifxyz,x.tif,"x.tif is 81582214 bytes, above --max-content-bytes",,,PRESENT
TIFXYZ_NEGATIVE_COORDINATE,low,PHercParis4/segments/20260623152443-w077-080/mesh/20260623152443-on-20230205180739-7.91um.tifxyz,,56631 of 1926255 valid points have a negative z coordinate: they lie outside any CT volume,56631,0,PRESENT
TIFXYZ_CONTENT_UNDECODED,info,PHercParis4/segments/20260623153216-w081-084/mesh/20260623153216-on-20260608103018-1.129um.tifxyz,x.tif,"x.tif is 438411410 bytes, above --max-content-bytes",,,PRESENT
TIFXYZ_CONTENT_UNDECODED,info,PHercParis4/segments/20260623153216-w081-084/mesh/20260623153216-on-20260411134726-2.4um.tifxyz,x.tif,"x.tif is 97178182 bytes, above --max-content-bytes",,,PRESENT
TIFXYZ_NEGATIVE_COORDINATE,low,PHercParis4/segments/20260623155240-w092-094/mesh/20260623155240-on-20230205180739-7.91um.tifxyz,,52974 of 1746803 valid points have a negative z coordinate: they lie outside any CT volume,52974,0,PRESENT
TIFXYZ_CONTENT_UNDECODED,info,PHercParis4/segments/20260623152443-w077-080/mesh/20260623152443-on-20260411134726-2.4um.tifxyz,x.tif,"x.tif is 91079174 bytes, above --max-content-bytes",,,PRESENT
TIFXYZ_NEGATIVE_COORDINATE,low,PHercParis4/segments/20260623160554-w098-100/mesh/20260623160554-on-20230205180739-7.91um.tifxyz,,56718 of 1823088 valid points have a negative z coordinate: they lie outside any CT volume,56718,0,PRESENT
TIFXYZ_CONTENT_UNDECODED,info,PHercParis4/segments/20260623152443-w077-080/mesh/20260623152443-on-20260608103018-1.129um.tifxyz,x.tif,"x.tif is 410873234 bytes, above --max-content-bytes",,,PRESENT
TIFXYZ_NEGATIVE_COORDINATE,low,PHercParis4/segments/20260623155914-w095-097/mesh/20260623155914-on-20230205180739-7.91um.tifxyz,,55260 of 1793037 valid points have a negative z coordinate: they lie outside any CT volume,55260,0,PRESENT
TIFXYZ_CONTENT_UNDECODED,info,PHercParis4/segments/20260623155240-w092-094/mesh/20260623155240-on-20260411134726-2.4um.tifxyz,x.tif,"x.tif is 84575366 bytes, above --max-content-bytes",,,PRESENT
TIFXYZ_CONTENT_UNDECODED,info,PHercParis4/segments/20260623155240-w092-094/mesh/20260623155240-on-20260608103018-1.129um.tifxyz,x.tif,"x.tif is 381539350 bytes, above --max-content-bytes",,,PRESENT
TIFXYZ_NEGATIVE_COORDINATE,low,PHercParis4/segments/20260623165742-w120-121/mesh/20260623165742-on-20230205180739-7.91um.tifxyz,,42908 of 1364082 valid points have a negative z coordinate: they lie outside any CT volume,42908,0,PRESENT
TIFXYZ_CONTENT_UNDECODED,info,PHercParis4/segments/20260623160554-w098-100/mesh/20260623160554-on-20260411134726-2.4um.tifxyz,x.tif,"x.tif is 88650694 bytes, above --max-content-bytes",,,PRESENT
TIFXYZ_CONTENT_UNDECODED,info,PHercParis4/segments/20260623155914-w095-097/mesh/20260623155914-on-20260411134726-2.4um.tifxyz,x.tif,"x.tif is 87018374 bytes, above --max-content-bytes",,,PRESENT
TIFXYZ_NEGATIVE_COORDINATE,low,PHercParis4/segments/20260623161921-w104-106/mesh/20260623161921-on-20230205180739-7.91um.tifxyz,,60318 of 1889868 valid points have a negative z coordinate: they lie outside any CT volume,60318,0,PRESENT
TIFXYZ_CONTENT_UNDECODED,info,PHercParis4/segments/20260623165742-w120-121/mesh/20260623165742-on-20260411134726-2.4um.tifxyz,x.tif,"x.tif is 66158278 bytes, above --max-content-bytes",,,PRESENT
TIFXYZ_CONTENT_UNDECODED,info,PHercParis4/segments/20260623165742-w120-121/mesh/20260623165742-on-20260608103018-1.129um.tifxyz,x.tif,"x.tif is 298466666 bytes, above --max-content-bytes",,,PRESENT
TIFXYZ_NEGATIVE_COORDINATE,low,PHercParis4/segments/20260623161233-w101-103/mesh/20260623161233-on-20230205180739-7.91um.tifxyz,,58501 of 1856014 valid points have a negative z coordinate: they lie outside any CT volume,58501,0,PRESENT
TIFXYZ_NEGATIVE_COORDINATE,low,PHercParis4/segments/20260623163339-w110-112/mesh/20260623163339-on-20230205180739-7.91um.tifxyz,,62316 of 1960746 valid points have a negative z coordinate: they lie outside any CT volume,62316,0,PRESENT
TIFXYZ_CONTENT_UNDECODED,info,PHercParis4/segments/20260623161921-w104-106/mesh/20260623161921-on-20260411134726-2.4um.tifxyz,x.tif,"x.tif is 92742406 bytes, above --max-content-bytes",,,PRESENT
TIFXYZ_NEGATIVE_COORDINATE,low,PHercParis4/segments/20260623162614-w107-109/mesh/20260623162614-on-20230205180739-7.91um.tifxyz,,61807 of 1932404 valid points have a negative z coordinate: they lie outside any CT volume,61807,0,PRESENT
TIFXYZ_CONTENT_UNDECODED,info,PHercParis4/segments/20260623161233-w101-103/mesh/20260623161233-on-20260411134726-2.4um.tifxyz,x.tif,"x.tif is 90202246 bytes, above --max-content-bytes",,,PRESENT
TIFXYZ_CONTENT_UNDECODED,info,PHercParis4/segments/20260623163339-w110-112/mesh/20260623163339-on-20260411134726-2.4um.tifxyz,x.tif,"x.tif is 96427718 bytes, above --max-content-bytes",,,PRESENT
TIFXYZ_CONTENT_UNDECODED,info,PHercParis4/segments/20260623162614-w107-109/mesh/20260623162614-on-20260411134726-2.4um.tifxyz,x.tif,"x.tif is 94791558 bytes, above --max-content-bytes",,,PRESENT
TIFXYZ_NEGATIVE_COORDINATE,low,PHercParis4/segments/20260623164141-w113-115/mesh/20260623164141-on-20230205180739-7.91um.tifxyz,,63028 of 1986249 valid points have a negative z coordinate: they lie outside any CT volume,63028,0,PRESENT
TIFXYZ_NEGATIVE_COORDINATE,low,PHercParis4/segments/20260623171400-w126-127/mesh/20260623171400-on-20230205180739-7.91um.tifxyz,,57255 of 1532019 valid points have a negative y/z coordinate: they lie outside any CT volume,57255,0,PRESENT
TIFXYZ_CONTENT_UNDECODED,info,PHercParis4/segments/20260623171400-w126-127/mesh/20260623171400-on-20260411134726-2.4um.tifxyz,x.tif,"x.tif is 96497990 bytes, above --max-content-bytes",,,PRESENT
TIFXYZ_NEGATIVE_COORDINATE,low,PHercParis4/segments/20260623165230-w118-119/mesh/20260623165230-on-20230205180739-7.91um.tifxyz,,42672 of 1352688 valid points have a negative z coordinate: they lie outside any CT volume,42672,0,PRESENT
TIFXYZ_NEGATIVE_COORDINATE,low,PHercParis4/segments/20260623170305-w122-123/mesh/20260623170305-on-20230205180739-7.91um.tifxyz,,42665 of 1373450 valid points have a negative y/z coordinate: they lie outside any CT volume,42665,0,PRESENT
TIFXYZ_CONTENT_UNDECODED,info,PHercParis4/segments/20260623164141-w113-115/mesh/20260623164141-on-20260411134726-2.4um.tifxyz,x.tif,"x.tif is 98080134 bytes, above --max-content-bytes",,,PRESENT
TIFXYZ_CONTENT_UNDECODED,info,PHercParis4/segments/20260623164141-w113-115/mesh/20260623164141-on-20260608103018-1.129um.tifxyz,x.tif,"x.tif is 442471814 bytes, above --max-content-bytes",,,PRESENT
TIFXYZ_CONTENT_UNDECODED,info,PHercParis4/segments/20260623165230-w118-119/mesh/20260623165230-on-20260411134726-2.4um.tifxyz,x.tif,"x.tif is 66302214 bytes, above --max-content-bytes",,,PRESENT
TIFXYZ_NEGATIVE_COORDINATE,low,PHercParis4/segments/20260623170833-w124-125/mesh/20260623170833-on-20230205180739-7.91um.tifxyz,,44029 of 1395284 valid points have a negative y/z coordinate: they lie outside any CT volume,44029,0,PRESENT
TIFXYZ_CONTENT_UNDECODED,info,PHercParis4/segments/20260623165230-w118-119/mesh/20260623165230-on-20260608103018-1.129um.tifxyz,x.tif,"x.tif is 299105990 bytes, above --max-content-bytes",,,PRESENT
TIFXYZ_NEGATIVE_COORDINATE,low,PHercParis4/segments/20260623164704-w116-117/mesh/20260623164704-on-20230205180739-7.91um.tifxyz,,42583 of 1342300 valid points have a negative z coordinate: they lie outside any CT volume,42583,0,PRESENT
TIFXYZ_CONTENT_UNDECODED,info,PHercParis4/segments/20260623170305-w122-123/mesh/20260623170305-on-20260411134726-2.4um.tifxyz,x.tif,"x.tif is 66359558 bytes, above --max-content-bytes",,,PRESENT
TIFXYZ_CONTENT_UNDECODED,info,PHercParis4/segments/20260623170833-w124-125/mesh/20260623170833-on-20260411134726-2.4um.tifxyz,x.tif,"x.tif is 70491014 bytes, above --max-content-bytes",,,PRESENT
TIFXYZ_CONTENT_UNDECODED,info,PHercParis4/segments/20260623170305-w122-123/mesh/20260623170305-on-20260608103018-1.129um.tifxyz,x.tif,"x.tif is 299404186 bytes, above --max-content-bytes",,,PRESENT
TIFXYZ_NEGATIVE_COORDINATE,low,PHercParis4/segments/20260623171929-w128-129/mesh/20260623171929-on-20230205180739-7.91um.tifxyz,,72936 of 1696600 valid points have a negative y/z coordinate: they lie outside any CT volume,72936,0,PRESENT
TIFXYZ_CONTENT_UNDECODED,info,PHercParis4/segments/20260623164704-w116-117/mesh/20260623164704-on-20260411134726-2.4um.tifxyz,x.tif,"x.tif is 66289286 bytes, above --max-content-bytes",,,PRESENT
TIFXYZ_NEGATIVE_COORDINATE,low,PHercParis4/segments/20260701183124-w010-027/mesh/20260701183124-on-20230205180739-7.91um.tifxyz,,830185 of 2659399 valid points have a negative z coordinate: they lie outside any CT volume,830185,0,PRESENT
TIFXYZ_CONTENT_UNDECODED,info,PHercParis4/segments/20260623164704-w116-117/mesh/20260623164704-on-20260608103018-1.129um.tifxyz,x.tif,"x.tif is 299076090 bytes, above --max-content-bytes",,,PRESENT
TIFXYZ_CONTENT_UNDECODED,info,PHercParis4/segments/20260623171929-w128-129/mesh/20260623171929-on-20260411134726-2.4um.tifxyz,x.tif,"x.tif is 109904390 bytes, above --max-content-bytes",,,PRESENT
TIFXYZ_NEGATIVE_COORDINATE,low,PHercParis4/segments/20260701183125-w028-037/mesh/20260701183125-on-20230205180739-7.91um.tifxyz,,858356 of 2766743 valid points have a negative z coordinate: they lie outside any CT volume,858356,0,PRESENT
TIFXYZ_CONTENT_UNDECODED,info,PHercParis4/segments/20260701183124-w010-027/mesh/20260701183124-on-20260411134726-2.4um.tifxyz,x.tif,"x.tif is 118592134 bytes, above --max-content-bytes",,,PRESENT
TIFXYZ_CONTENT_UNDECODED,info,PHercParis4/segments/20260701183127-w046-052/mesh/20260701183127-on-20260411134726-2.4um.tifxyz,x.tif,"x.tif is 146022214 bytes, above --max-content-bytes",,,PRESENT
TIFXYZ_NEGATIVE_COORDINATE,low,PHercParis4/segments/20260701183126-w038-045/mesh/20260701183126-on-20230205180739-7.91um.tifxyz,,894641 of 2930850 valid points have a negative z coordinate: they lie outside any CT volume,894641,0,PRESENT
TIFXYZ_CONTENT_UNDECODED,info,PHercParis4/segments/20260701183125-w028-037/mesh/20260701183125-on-20260411134726-2.4um.tifxyz,x.tif,"x.tif is 125042374 bytes, above --max-content-bytes",,,PRESENT
TIFXYZ_CONTENT_UNDECODED,info,PHercParis4/segments/20260701183126-w038-045/mesh/20260701183126-on-20260411134726-2.4um.tifxyz,x.tif,"x.tif is 137719430 bytes, above --max-content-bytes",,,PRESENT
TIFXYZ_CONTENT_UNDECODED,info,PHercParis4/segments/20260701183128-w053-058/mesh/20260701183128-on-20260411134726-2.4um.tifxyz,x.tif,"x.tif is 135332294 bytes, above --max-content-bytes",,,PRESENT
TIFXYZ_CONTENT_UNDECODED,info,PHercParis4/segments/20260701183130-w064-068/mesh/20260701183130-on-20260411134726-2.4um.tifxyz,x.tif,"x.tif is 142257734 bytes, above --max-content-bytes",,,PRESENT
TIFXYZ_CONTENT_UNDECODED,info,PHercParis4/segments/20260701183137-w092-094/mesh/20260701183137-on-20260411134726-2.4um.tifxyz,x.tif,"x.tif is 128510278 bytes, above --max-content-bytes",,,PRESENT
TIFXYZ_CONTENT_UNDECODED,info,PHercParis4/segments/20260701183132-w073-076/mesh/20260701183132-on-20260411134726-2.4um.tifxyz,x.tif,"x.tif is 139681926 bytes, above --max-content-bytes",,,PRESENT
TIFXYZ_CONTENT_UNDECODED,info,PHercParis4/segments/20260701183131-w069-072/mesh/20260701183131-on-20260411134726-2.4um.tifxyz,x.tif,"x.tif is 121601606 bytes, above --max-content-bytes",,,PRESENT
TIFXYZ_CONTENT_UNDECODED,info,PHercParis4/segments/20260701183134-w081-084/mesh/20260701183134-on-20260411134726-2.4um.tifxyz,x.tif,"x.tif is 153535622 bytes, above --max-content-bytes",,,PRESENT
TIFXYZ_CONTENT_UNDECODED,info,PHercParis4/segments/20260701183129-w059-063/mesh/20260701183129-on-20260411134726-2.4um.tifxyz,x.tif,"x.tif is 129958534 bytes, above --max-content-bytes",,,PRESENT
TIFXYZ_CONTENT_UNDECODED,info,PHercParis4/segments/20260701183133-w077-080/mesh/20260701183133-on-20260411134726-2.4um.tifxyz,x.tif,"x.tif is 144842822 bytes, above --max-content-bytes",,,PRESENT
TIFXYZ_CONTENT_UNDECODED,info,PHercParis4/segments/20260701183135-w085-088/mesh/20260701183135-on-20260411134726-2.4um.tifxyz,x.tif,"x.tif is 160929030 bytes, above --max-content-bytes",,,PRESENT
TIFXYZ_CONTENT_UNDECODED,info,PHercParis4/segments/20260701183136-w089-091/mesh/20260701183136-on-20260411134726-2.4um.tifxyz,x.tif,"x.tif is 125345286 bytes, above --max-content-bytes",,,PRESENT
TIFXYZ_CONTENT_UNDECODED,info,PHercParis4/segments/20260701183138-w095-097/mesh/20260701183138-on-20260411134726-2.4um.tifxyz,x.tif,"x.tif is 134064262 bytes, above --max-content-bytes",,,PRESENT
TIFXYZ_CONTENT_UNDECODED,info,PHercParis4/segments/20260701183142-w107-109/mesh/20260701183142-on-20260411134726-2.4um.tifxyz,x.tif,"x.tif is 141575750 bytes, above --max-content-bytes",,,PRESENT
TIFXYZ_CONTENT_UNDECODED,info,PHercParis4/segments/20260701183139-w098-100/mesh/20260701183139-on-20260411134726-2.4um.tifxyz,x.tif,"x.tif is 136569350 bytes, above --max-content-bytes",,,PRESENT
TIFXYZ_CONTENT_UNDECODED,info,PHercParis4/segments/20260701183141-w104-106/mesh/20260701183141-on-20260411134726-2.4um.tifxyz,x.tif,"x.tif is 139268870 bytes, above --max-content-bytes",,,PRESENT
TIFXYZ_CONTENT_UNDECODED,info,PHercParis4/segments/20260701183140-w101-103/mesh/20260701183140-on-20260411134726-2.4um.tifxyz,x.tif,"x.tif is 141289414 bytes, above --max-content-bytes",,,PRESENT
TIFXYZ_CONTENT_UNDECODED,info,PHercParis4/segments/20260701183143-w110-112/mesh/20260701183143-on-20260411134726-2.4um.tifxyz,x.tif,"x.tif is 143120774 bytes, above --max-content-bytes",,,PRESENT
TIFXYZ_CONTENT_UNDECODED,info,PHercParis4/segments/20260701183145-w116-117/mesh/20260701183145-on-20260411134726-2.4um.tifxyz,x.tif,"x.tif is 100926278 bytes, above --max-content-bytes",,,PRESENT
TIFXYZ_CONTENT_UNDECODED,info,PHercParis4/segments/20260701183144-w113-115/mesh/20260701183144-on-20260411134726-2.4um.tifxyz,x.tif,"x.tif is 145087622 bytes, above --max-content-bytes",,,PRESENT
TIFXYZ_CONTENT_UNDECODED,info,PHercParis4/segments/20260701183147-w120-121/mesh/20260701183147-on-20260411134726-2.4um.tifxyz,x.tif,"x.tif is 105062534 bytes, above --max-content-bytes",,,PRESENT
TIFXYZ_CONTENT_UNDECODED,info,PHercParis4/segments/20260701183149-w124-125/mesh/20260701183149-on-20260411134726-2.4um.tifxyz,x.tif,"x.tif is 120307846 bytes, above --max-content-bytes",,,PRESENT
TIFXYZ_CONTENT_UNDECODED,info,PHercParis4/segments/20260701183146-w118-119/mesh/20260701183146-on-20260411134726-2.4um.tifxyz,x.tif,"x.tif is 102873734 bytes, above --max-content-bytes",,,PRESENT
TIFXYZ_CONTENT_UNDECODED,info,PHercParis4/segments/20260701183150-w126-127/mesh/20260701183150-on-20260411134726-2.4um.tifxyz,x.tif,"x.tif is 145711238 bytes, above --max-content-bytes",,,PRESENT
TIFXYZ_CONTENT_UNDECODED,info,PHercParis4/segments/20260701183148-w122-123/mesh/20260701183148-on-20260411134726-2.4um.tifxyz,x.tif,"x.tif is 108569478 bytes, above --max-content-bytes",,,PRESENT
TIFXYZ_CONTENT_UNDECODED,info,PHercParis4/segments/20260701183151-w128-129/mesh/20260701183151-on-20260411134726-2.4um.tifxyz,x.tif,"x.tif is 127291142 bytes, above --max-content-bytes",,,PRESENT
TIFXYZ_BBOX_MISMATCH,low,PHerc0139/segments/20260130000001-w030_202601301912/mesh/intermediate/tifxyz_original,meta.json,2375 of 1664805 valid points lie outside the declared bbox (cropping to it would drop geometry),"[[5453.679, 4743.938, 3966.323], [19505.67, 18422.012, 29140.174]]","[[7536.256, 7795.648, 8194.7], [19508.682, 18422.051, 29142.01]]",PRESENT
TIFXYZ_NEGATIVE_COORDINATE,low,PHerc0500P2/segments/20250611170257-z_dbg_gen_00308_inp_hr/mesh/intermediate/tifxyz_normalized,,10 of 157810 valid points have a negative y coordinate: they lie outside any CT volume,10,0,PRESENT
TIFXYZ_NEGATIVE_COORDINATE,low,PHerc0500P2/segments/20250611170257-z_dbg_gen_00308_inp_hr/mesh/intermediate/tifxyz_original,,1 of 138219 valid points have a negative y coordinate: they lie outside any CT volume,1,0,PRESENT
TIFXYZ_BBOX_MISMATCH,low,PHercMAN5/segments/20260321025901-MAN5_outer_3/mesh/intermediate/tifxyz_flattened,meta.json,755 of 1542372 valid points lie outside the declared bbox (cropping to it would drop geometry),"[[2411.179, 5982.993, 5027.042], [15203.995, 14701.238, 29071.592]]","[[2411.179, 6051.287, 5027.042], [15203.995, 14701.238, 28674.715]]",PRESENT
TIFXYZ_NEGATIVE_COORDINATE,low,PHerc1667/segments/20260205070000-w041_2026020507_flatboi/mesh/intermediate/tifxyz_normalized,,319 of 131333 valid points have a negative y coordinate: they lie outside any CT volume,319,0,PRESENT
TIFXYZ_NEGATIVE_COORDINATE,low,PHerc1667/segments/20260205070000-w041_2026020507_flatboi/mesh/intermediate/tifxyz_flattened,,326 of 132765 valid points have a negative y coordinate: they lie outside any CT volume,326,0,PRESENT
TIFXYZ_NEGATIVE_COORDINATE,low,PHerc1667/segments/20260128140000-w038_2026012814_flatboi/mesh/intermediate/tifxyz_flattened,,7 of 183349 valid points have a negative y coordinate: they lie outside any CT volume,7,0,PRESENT
TIFXYZ_NEGATIVE_COORDINATE,low,PHerc1667/segments/20260128140000-w038_2026012814_flatboi/mesh/intermediate/tifxyz_normalized,,5 of 181885 valid points have a negative y coordinate: they lie outside any CT volume,5,0,PRESENT
TIFXYZ_NEGATIVE_COORDINATE,low,PHerc1667/segments/20260612121456-w011_20260108140509268_merged_v4_flatboi_straightened_v4/mesh/intermediate/tifxyz_normalized,,250 of 4393003 valid points have a negative y coordinate: they lie outside any CT volume,250,0,PRESENT
TIFXYZ_NEGATIVE_COORDINATE,low,PHerc1667/segments/20260612121456-w011_20260108140509268_merged_v4_flatboi_straightened_v4/mesh/intermediate/tifxyz_flattened,,250 of 4407002 valid points have a negative y coordinate: they lie outside any CT volume,250,0,PRESENT
TIFXYZ_BBOX_MISMATCH,low,PHercParis4/segments/20260701183124-w010-027/mesh/intermediate/tifxyz_original,meta.json,"the declared bbox is larger than the stored coordinates (loose, nothing outside it); declared minimum is -1 on x,y,z: the -1 invalid marker was likely included when the bbox was computed","[[2824.155, 2809.432, 2980.758], [5401.192, 6047.114, 18020.881]]","[[-1.0, -1.0, -1.0], [5401.192, 6047.114, 18020.881]]",PRESENT
TIFXYZ_BBOX_MISMATCH,low,PHercParis4/segments/20260701183127-w046-052/mesh/intermediate/tifxyz_original,meta.json,"the declared bbox is larger than the stored coordinates (loose, nothing outside it); declared minimum is -1 on x,y,z: the -1 invalid marker was likely included when the bbox was computed","[[2376.992, 2306.723, 2993.928], [6101.822, 7141.083, 17999.996]]","[[-1.0, -1.0, -1.0], [6101.822, 7141.083, 17999.996]]",PRESENT
TIFXYZ_BBOX_MISMATCH,low,PHercParis4/segments/20260701183125-w028-037/mesh/intermediate/tifxyz_original,meta.json,"the declared bbox is larger than the stored coordinates (loose, nothing outside it); declared minimum is -1 on x,y,z: the -1 invalid marker was likely included when the bbox was computed","[[2669.52, 2623.16, 2982.44], [5860.518, 6249.26, 18019.844]]","[[-1.0, -1.0, -1.0], [5860.518, 6249.26, 18019.844]]",PRESENT
TIFXYZ_BBOX_MISMATCH,low,PHercParis4/segments/20260701183130-w064-068/mesh/intermediate/tifxyz_original,meta.json,"the declared bbox is larger than the stored coordinates (loose, nothing outside it); declared minimum is -1 on x,y,z: the -1 invalid marker was likely included when the bbox was computed","[[1622.729, 1288.566, 3000.009], [6599.346, 7473.086, 18017.252]]","[[-1.0, -1.0, -1.0], [6599.346, 7473.086, 18017.252]]",PRESENT
TIFXYZ_BBOX_MISMATCH,low,PHercParis4/segments/20260701183128-w053-058/mesh/intermediate/tifxyz_original,meta.json,"the declared bbox is larger than the stored coordinates (loose, nothing outside it); declared minimum is -1 on x,y,z: the -1 invalid marker was likely included when the bbox was computed","[[2213.305, 2195.397, 2980.404], [6311.346, 7371.886, 18015.811]]","[[-1.0, -1.0, -1.0], [6311.346, 7371.886, 18015.811]]",PRESENT
TIFXYZ_BBOX_MISMATCH,low,PHercParis4/segments/20260701183126-w038-045/mesh/intermediate/tifxyz_original,meta.json,"the declared bbox is larger than the stored coordinates (loose, nothing outside it); declared minimum is -1 on x,y,z: the -1 invalid marker was likely included when the bbox was computed","[[2537.745, 2439.655, 2992.539], [5987.398, 6428.361, 17999.988]]","[[-1.0, -1.0, -1.0], [5987.398, 6428.361, 17999.988]]",PRESENT
TIFXYZ_NEGATIVE_COORDINATE,low,PHercParis4/segments/20260701183137-w092-094/mesh/intermediate/tifxyz_original,,1 of 1033735 valid points have a negative y coordinate: they lie outside any CT volume,1,0,PRESENT
TIFXYZ_BBOX_MISMATCH,low,PHercParis4/segments/20260701183137-w092-094/mesh/intermediate/tifxyz_original,meta.json,"the declared bbox is larger than the stored coordinates (loose, nothing outside it); declared minimum is -1 on x,z: the -1 invalid marker was likely included when the bbox was computed","[[668.588, -752.131, 3000.011], [7364.393, 7823.446, 18006.312]]","[[-1.0, -752.131, -1.0], [7364.393, 7823.446, 18006.312]]",PRESENT
TIFXYZ_NEGATIVE_COORDINATE,low,PHercParis4/segments/20260701183131-w069-072/mesh/intermediate/tifxyz_original,,1 of 1047204 valid points have a negative y coordinate: they lie outside any CT volume,1,0,PRESENT
TIFXYZ_BBOX_MISMATCH,low,PHercParis4/segments/20260701183131-w069-072/mesh/intermediate/tifxyz_original,meta.json,"the declared bbox is larger than the stored coordinates (loose, nothing outside it); declared minimum is -1 on x,z: the -1 invalid marker was likely included when the bbox was computed","[[692.125, -497.905, 3000.016], [6721.897, 7609.393, 17999.992]]","[[-1.0, -497.905, -1.0], [6721.897, 7609.393, 17999.992]]",PRESENT
TIFXYZ_BBOX_MISMATCH,low,PHercParis4/segments/20260701183136-w089-091/mesh/intermediate/tifxyz_original,meta.json,"the declared bbox is larger than the stored coordinates (loose, nothing outside it); declared minimum is -1 on x,y,z: the -1 invalid marker was likely included when the bbox was computed","[[1631.771, 1768.675, 2988.427], [7287.006, 7869.4, 18019.371]]","[[-1.0, -1.0, -1.0], [7287.006, 7869.4, 18019.371]]",PRESENT
TIFXYZ_NEGATIVE_COORDINATE,low,PHercParis4/segments/20260701183132-w073-076/mesh/intermediate/tifxyz_original,,1 of 1106157 valid points have a negative y coordinate: they lie outside any CT volume,1,0,PRESENT
TIFXYZ_BBOX_MISMATCH,low,PHercParis4/segments/20260701183132-w073-076/mesh/intermediate/tifxyz_original,meta.json,"the declared bbox is larger than the stored coordinates (loose, nothing outside it); declared minimum is -1 on x,z: the -1 invalid marker was likely included when the bbox was computed","[[626.388, -668.761, 3000.003], [6888.149, 7986.089, 18016.479]]","[[-1.0, -668.761, -1.0], [6888.149, 7986.089, 18016.479]]",PRESENT
TIFXYZ_NEGATIVE_COORDINATE,low,PHercParis4/segments/20260701183133-w077-080/mesh/intermediate/tifxyz_original,,1 of 1163718 valid points have a negative y coordinate: they lie outside any CT volume,1,0,PRESENT
TIFXYZ_BBOX_MISMATCH,low,PHercParis4/segments/20260701183133-w077-080/mesh/intermediate/tifxyz_original,meta.json,"the declared bbox is larger than the stored coordinates (loose, nothing outside it); declared minimum is -1 on x,z: the -1 invalid marker was likely included when the bbox was computed","[[737.268, -297.434, 2990.644], [6946.972, 7630.764, 17999.992]]","[[-1.0, -297.434, -1.0], [6946.972, 7630.764, 17999.992]]",PRESENT
TIFXYZ_BBOX_MISMATCH,low,PHercParis4/segments/20260701183129-w059-063/mesh/intermediate/tifxyz_original,meta.json,"the declared bbox is larger than the stored coordinates (loose, nothing outside it); declared minimum is -1 on x,y,z: the -1 invalid marker was likely included when the bbox was computed","[[1524.981, 1095.458, 3000.036], [6482.89, 7401.326, 18020.172]]","[[-1.0, -1.0, -1.0], [6482.89, 7401.326, 18020.172]]",PRESENT
TIFXYZ_NEGATIVE_COORDINATE,low,PHercParis4/segments/20260701183138-w095-097/mesh/intermediate/tifxyz_original,,1 of 1067598 valid points have a negative y coordinate: they lie outside any CT volume,1,0,PRESENT
TIFXYZ_BBOX_MISMATCH,low,PHercParis4/segments/20260701183138-w095-097/mesh/intermediate/tifxyz_original,meta.json,"the declared bbox is larger than the stored coordinates (loose, nothing outside it); declared minimum is -1 on x,z: the -1 invalid marker was likely included when the bbox was computed","[[735.755, -248.041, 3000.018], [7410.725, 7853.438, 18011.645]]","[[-1.0, -248.041, -1.0], [7410.725, 7853.438, 18011.645]]",PRESENT
TIFXYZ_BBOX_MISMATCH,low,PHercParis4/segments/20260701183141-w104-106/mesh/intermediate/tifxyz_original,meta.json,"the declared bbox is larger than the stored coordinates (loose, nothing outside it); declared minimum is -1 on x,y,z: the -1 invalid marker was likely included when the bbox was computed","[[838.911, 659.627, 3000.004], [7506.782, 7957.279, 17999.969]]","[[-1.0, -1.0, -1.0], [7506.782, 7957.279, 17999.969]]",PRESENT
TIFXYZ_NEGATIVE_COORDINATE,low,PHercParis4/segments/20260701183135-w085-088/mesh/intermediate/tifxyz_original,,1 of 1283054 valid points have a negative y coordinate: they lie outside any CT volume,1,0,PRESENT
TIFXYZ_BBOX_MISMATCH,low,PHercParis4/segments/20260701183135-w085-088/mesh/intermediate/tifxyz_original,meta.json,"the declared bbox is larger than the stored coordinates (loose, nothing outside it); declared minimum is -1 on x,z: the -1 invalid marker was likely included when the bbox was computed","[[602.452, -819.135, 3000.012], [7135.385, 7826.919, 18016.342]]","[[-1.0, -819.135, -1.0], [7135.385, 7826.919, 18016.342]]",PRESENT
TIFXYZ_NEGATIVE_COORDINATE,low,PHercParis4/segments/20260701183134-w081-084/mesh/intermediate/tifxyz_original,,2 of 1223549 valid points have a negative y coordinate: they lie outside any CT volume,2,0,PRESENT
TIFXYZ_BBOX_MISMATCH,low,PHercParis4/segments/20260701183134-w081-084/mesh/intermediate/tifxyz_original,meta.json,"the declared bbox is larger than the stored coordinates (loose, nothing outside it); declared minimum is -1 on x,z: the -1 invalid marker was likely included when the bbox was computed","[[630.866, -666.027, 3000.016], [7025.36, 7969.761, 18018.84]]","[[-1.0, -666.027, -1.0], [7025.36, 7969.761, 18018.84]]",PRESENT
TIFXYZ_BBOX_MISMATCH,low,PHercParis4/segments/20260701183142-w107-109/mesh/intermediate/tifxyz_original,meta.json,"the declared bbox is larger than the stored coordinates (loose, nothing outside it); declared minimum is -1 on x,y,z: the -1 invalid marker was likely included when the bbox was computed","[[636.067, 707.125, 3000.003], [7516.216, 7953.326, 17999.984]]","[[-1.0, -1.0, -1.0], [7516.216, 7953.326, 17999.984]]",PRESENT
TIFXYZ_NEGATIVE_COORDINATE,low,PHercParis4/segments/20260701183139-w098-100/mesh/intermediate/tifxyz_original,,2 of 1099931 valid points have a negative y coordinate: they lie outside any CT volume,2,0,PRESENT
TIFXYZ_BBOX_MISMATCH,low,PHercParis4/segments/20260701183139-w098-100/mesh/intermediate/tifxyz_original,meta.json,"the declared bbox is larger than the stored coordinates (loose, nothing outside it); declared minimum is -1 on x,z: the -1 invalid marker was likely included when the bbox was computed","[[584.14, -936.521, 2975.088], [7459.1, 7798.53, 18018.766]]","[[-1.0, -936.521, -1.0], [7459.1, 7798.53, 18018.766]]",PRESENT
TIFXYZ_BBOX_MISMATCH,low,PHercParis4/segments/20260701183140-w101-103/mesh/intermediate/tifxyz_original,meta.json,"the declared bbox is larger than the stored coordinates (loose, nothing outside it); declared minimum is -1 on x,y,z: the -1 invalid marker was likely included when the bbox was computed","[[699.368, 682.646, 3000.004], [7495.831, 7957.685, 18019.754]]","[[-1.0, -1.0, -1.0], [7495.831, 7957.685, 18019.754]]",PRESENT
TIFXYZ_BBOX_MISMATCH,low,PHercParis4/segments/20260701183144-w113-115/mesh/intermediate/tifxyz_original,meta.json,"the declared bbox is larger than the stored coordinates (loose, nothing outside it); declared minimum is -1 on x,y,z: the -1 invalid marker was likely included when the bbox was computed","[[624.129, 718.508, 3000.009], [7526.801, 7760.145, 17999.965]]","[[-1.0, -1.0, -1.0], [7526.801, 7760.145, 17999.965]]",PRESENT
TIFXYZ_BBOX_MISMATCH,low,PHercParis4/segments/20260701183145-w116-117/mesh/intermediate/tifxyz_original,meta.json,"the declared bbox is larger than the stored coordinates (loose, nothing outside it); declared minimum is -1 on x,y,z: the -1 invalid marker was likely included when the bbox was computed","[[726.031, 741.445, 3000.003], [7535.102, 7958.199, 17999.965]]","[[-1.0, -1.0, -1.0], [7535.102, 7958.199, 17999.965]]",PRESENT
TIFXYZ_BBOX_MISMATCH,low,PHercParis4/segments/20260701183143-w110-112/mesh/intermediate/tifxyz_original,meta.json,"the declared bbox is larger than the stored coordinates (loose, nothing outside it); declared minimum is -1 on x,y,z: the -1 invalid marker was likely included when the bbox was computed","[[785.412, 704.769, 3000.014], [7521.73, 7620.579, 17999.984]]","[[-1.0, -1.0, -1.0], [7521.73, 7620.579, 17999.984]]",PRESENT
TIFXYZ_NEGATIVE_COORDINATE,low,PHercParis4/segments/20260701183149-w124-125/mesh/intermediate/tifxyz_original,,1 of 921647 valid points have a negative y coordinate: they lie outside any CT volume,1,0,PRESENT
TIFXYZ_BBOX_MISMATCH,low,PHercParis4/segments/20260701183149-w124-125/mesh/intermediate/tifxyz_original,meta.json,"the declared bbox is larger than the stored coordinates (loose, nothing outside it); declared minimum is -1 on x,z: the -1 invalid marker was likely included when the bbox was computed","[[647.173, -367.699, 2981.725], [7601.512, 7947.069, 17999.99]]","[[-1.0, -367.699, -1.0], [7601.512, 7947.069, 17999.99]]",PRESENT
TIFXYZ_NEGATIVE_COORDINATE,low,PHercParis4/segments/20260701183147-w120-121/mesh/intermediate/tifxyz_original,,1 of 892322 valid points have a negative y coordinate: they lie outside any CT volume,1,0,PRESENT
TIFXYZ_BBOX_MISMATCH,low,PHercParis4/segments/20260701183147-w120-121/mesh/intermediate/tifxyz_original,meta.json,"the declared bbox is larger than the stored coordinates (loose, nothing outside it); declared minimum is -1 on x,z: the -1 invalid marker was likely included when the bbox was computed","[[697.656, -281.295, 3000.005], [7572.312, 7985.892, 17999.963]]","[[-1.0, -281.295, -1.0], [7572.312, 7985.892, 17999.963]]",PRESENT
TIFXYZ_BBOX_MISMATCH,low,PHercParis4/segments/20260701183146-w118-119/mesh/intermediate/tifxyz_original,meta.json,"the declared bbox is larger than the stored coordinates (loose, nothing outside it); declared minimum is -1 on x,y,z: the -1 invalid marker was likely included when the bbox was computed","[[834.944, 734.05, 3000.007], [7555.877, 7866.572, 17999.996]]","[[-1.0, -1.0, -1.0], [7555.877, 7866.572, 17999.996]]",PRESENT
TIFXYZ_BBOX_MISMATCH,low,PHercParis4/segments/20260701183148-w122-123/mesh/intermediate/tifxyz_original,meta.json,"the declared bbox is larger than the stored coordinates (loose, nothing outside it); declared minimum is -1 on x,y,z: the -1 invalid marker was likely included when the bbox was computed","[[635.31, 744.758, 3000.018], [7585.734, 7974.25, 17999.979]]","[[-1.0, -1.0, -1.0], [7585.734, 7974.25, 17999.979]]",PRESENT
TIFXYZ_BBOX_MISMATCH,low,PHercParis4/segments/20260701183150-w126-127/mesh/intermediate/tifxyz_original,meta.json,"the declared bbox is larger than the stored coordinates (loose, nothing outside it); declared minimum is -1 on x,y,z: the -1 invalid marker was likely included when the bbox was computed","[[740.807, 611.895, 3000.012], [7617.083, 7885.588, 17999.979]]","[[-1.0, -1.0, -1.0], [7617.083, 7885.588, 17999.979]]",PRESENT
TIFXYZ_BBOX_MISMATCH,low,PHercParis4/segments/20260701183151-w128-129/mesh/intermediate/tifxyz_original,meta.json,"the declared bbox is larger than the stored coordinates (loose, nothing outside it); declared minimum is -1 on x,y,z: the -1 invalid marker was likely included when the bbox was computed","[[654.751, 745.602, 3000.015], [7639.148, 7990.507, 17999.984]]","[[-1.0, -1.0, -1.0], [7639.148, 7990.507, 17999.984]]",PRESENT
